LocationName,latitude,longitude,startTime,endTime,exposure_parameter,micro_environment
South Horizons,22.24297,114.1482,202409020000,202409020800,Home,"[{""Factor"":""Air Conditioner"",""Option"":""OFF""},{""Factor"":""Window"",""Option"":""OPEN""},{""Factor"":""Air Purifier"",""Option"":""OFF""}]"
South Horizons Station,22.24317,114.14871,202409020801,202409020850,MTR,""
Kwun Tong Station,22.31265,114.22645,202409020851,202409020900,Outdoor,""
AIA Kowloon Tower,22.3125,114.2223,202409020901,202409021200,Office,"[{""Factor"":""Air Conditioner"",""Option"":""ON""},{""Factor"":""Window"",""Option"":""CLOSE""},{""Factor"":""Air Purifier"",""Option"":""ON""}]"
AIA Kowloon Tower,22.31274,114.22271,202409021201,202409021210,Outdoor,""
Camel Paint Building Block 3,22.3109,114.2253,202409021211,202409021300,Other Indoor,"[{""Factor"":""Air Conditioner"",""Option"":""OFF""},{""Factor"":""Window"",""Option"":""OPEN""},{""Factor"":""Air Purifier"",""Option"":""OFF""}]"
Camel Paint Building Block 3,22.3109,114.2253,202409021301,202409021310,Outdoor,""
AIA Kowloon Tower,22.3125,114.2223,202409021311,202409021800,Office,"[{""Factor"":""Air Conditioner"",""Option"":""ON""},{""Factor"":""Window"",""Option"":""CLOSE""},{""Factor"":""Air Purifier"",""Option"":""ON""}]"
AIA Kowloon Tower,22.3125,114.2223,202409021801,202409021810,Outdoor,""
Kwun Tong Station,22.31265,114.22645,202409021811,202409021900,MTR,""
South Horizons,22.24297,114.1482,202409021901,202409022359,Home,"[{""Factor"":""Air Conditioner"",""Option"":""OFF""},{""Factor"":""Window"",""Option"":""OPEN""},{""Factor"":""Air Purifier"",""Option"":""OFF""}]"
South Horizons,22.24297,114.1482,202409030000,202409030800,Home,"[{""Factor"":""Air Conditioner"",""Option"":""OFF""},{""Factor"":""Window"",""Option"":""OPEN""},{""Factor"":""Air Purifier"",""Option"":""OFF""}]"
South Horizons Station,22.24317,114.14871,202409030801,202409030850,MTR,""
Kwun Tong Station,22.31265,114.22645,202409030851,202409030900,Outdoor,""
AIA Kowloon Tower,22.3125,114.2223,202409030901,202409031200,Office,"[{""Factor"":""Air Conditioner"",""Option"":""ON""},{""Factor"":""Window"",""Option"":""CLOSE""},{""Factor"":""Air Purifier"",""Option"":""ON""}]"
AIA Kowloon Tower,22.31274,114.22271,202409031201,202409031210,Outdoor,""
Camel Paint Building Block 3,22.3109,114.2253,202409031211,202409031300,Other Indoor,"[{""Factor"":""Air Conditioner"",""Option"":""OFF""},{""Factor"":""Window"",""Option"":""OPEN""},{""Factor"":""Air Purifier"",""Option"":""OFF""}]"
Camel Paint Building Block 3,22.3109,114.2253,202409031301,202409031310,Outdoor,""
AIA Kowloon Tower,22.3125,114.2223,202409031311,202409031800,Office,"[{""Factor"":""Air Conditioner"",""Option"":""ON""},{""Factor"":""Window"",""Option"":""CLOSE""},{""Factor"":""Air Purifier"",""Option"":""ON""}]"
AIA Kowloon Tower,22.3125,114.2223,202409031801,202409031810,Outdoor,""
Kwun Tong Station,22.31265,114.22645,202409031811,202409031900,MTR,""
South Horizons,22.24297,114.1482,202409031901,202409032359,Home,"[{""Factor"":""Air Conditioner"",""Option"":""OFF""},{""Factor"":""Window"",""Option"":""OPEN""},{""Factor"":""Air Purifier"",""Option"":""OFF""}]"
South Horizons,22.24297,114.1482,202409040000,202409040800,Home,"[{""Factor"":""Air Conditioner"",""Option"":""OFF""},{""Factor"":""Window"",""Option"":""OPEN""},{""Factor"":""Air Purifier"",""Option"":""OFF""}]"
South Horizons Station,22.24317,114.14871,202409040801,202409040850,MTR,""
Kwun Tong Station,22.31265,114.22645,202409040851,202409040900,Outdoor,""
AIA Kowloon Tower,22.3125,114.2223,202409040901,202409041200,Office,"[{""Factor"":""Air Conditioner"",""Option"":""ON""},{""Factor"":""Window"",""Option"":""CLOSE""},{""Factor"":""Air Purifier"",""Option"":""ON""}]"
AIA Kowloon Tower,22.31274,114.22271,202409041201,202409041210,Outdoor,""
Camel Paint Building Block 3,22.3109,114.2253,202409041211,202409041300,Other Indoor,"[{""Factor"":""Air Conditioner"",""Option"":""OFF""},{""Factor"":""Window"",""Option"":""OPEN""},{""Factor"":""Air Purifier"",""Option"":""OFF""}]"
Camel Paint Building Block 3,22.3109,114.2253,202409041301,202409041310,Outdoor,""
AIA Kowloon Tower,22.3125,114.2223,202409041311,202409041800,Office,"[{""Factor"":""Air Conditioner"",""Option"":""ON""},{""Factor"":""Window"",""Option"":""CLOSE""},{""Factor"":""Air Purifier"",""Option"":""ON""}]"
AIA Kowloon Tower,22.3125,114.2223,202409041801,202409041810,Outdoor,""
Kwun Tong Station,22.31265,114.22645,202409041811,202409041900,MTR,""
South Horizons,22.24297,114.1482,202409041901,202409042359,Home,"[{""Factor"":""Air Conditioner"",""Option"":""OFF""},{""Factor"":""Window"",""Option"":""OPEN""},{""Factor"":""Air Purifier"",""Option"":""OFF""}]"
South Horizons,22.24297,114.1482,202409050000,202409050800,Home,"[{""Factor"":""Air Conditioner"",""Option"":""OFF""},{""Factor"":""Window"",""Option"":""OPEN""},{""Factor"":""Air Purifier"",""Option"":""OFF""}]"
South Horizons Station,22.24317,114.14871,202409050801,202409050850,MTR,""
Kwun Tong Station,22.31265,114.22645,202409050851,202409050900,Outdoor,""
AIA Kowloon Tower,22.3125,114.2223,202409050901,202409051200,Office,"[{""Factor"":""Air Conditioner"",""Option"":""ON""},{""Factor"":""Window"",""Option"":""CLOSE""},{""Factor"":""Air Purifier"",""Option"":""ON""}]"
AIA Kowloon Tower,22.31274,114.22271,202409051201,202409051210,Outdoor,""
Camel Paint Building Block 3,22.3109,114.2253,202409051211,202409051300,Other Indoor,"[{""Factor"":""Air Conditioner"",""Option"":""OFF""},{""Factor"":""Window"",""Option"":""OPEN""},{""Factor"":""Air Purifier"",""Option"":""OFF""}]"
Camel Paint Building Block 3,22.3109,114.2253,202409051301,202409051310,Outdoor,""
AIA Kowloon Tower,22.3125,114.2223,202409051311,202409051800,Office,"[{""Factor"":""Air Conditioner"",""Option"":""ON""},{""Factor"":""Window"",""Option"":""CLOSE""},{""Factor"":""Air Purifier"",""Option"":""ON""}]"
AIA Kowloon Tower,22.3125,114.2223,202409051801,202409051810,Outdoor,""
Kwun Tong Station,22.31265,114.22645,202409051811,202409051900,MTR,""
South Horizons,22.24297,114.1482,202409051901,202409052359,Home,"[{""Factor"":""Air Conditioner"",""Option"":""OFF""},{""Factor"":""Window"",""Option"":""OPEN""},{""Factor"":""Air Purifier"",""Option"":""OFF""}]"
South Horizons,22.24297,114.1482,202409060000,202409060800,Home,"[{""Factor"":""Air Conditioner"",""Option"":""OFF""},{""Factor"":""Window"",""Option"":""OPEN""},{""Factor"":""Air Purifier"",""Option"":""OFF""}]"
South Horizons Station,22.24317,114.14871,202409060801,202409060850,MTR,""
Kwun Tong Station,22.31265,114.22645,202409060851,202409060900,Outdoor,""
AIA Kowloon Tower,22.3125,114.2223,202409060901,202409061200,Office,"[{""Factor"":""Air Conditioner"",""Option"":""ON""},{""Factor"":""Window"",""Option"":""CLOSE""},{""Factor"":""Air Purifier"",""Option"":""ON""}]"
AIA Kowloon Tower,22.31274,114.22271,202409061201,202409061210,Outdoor,""
Camel Paint Building Block 3,22.3109,114.2253,202409061211,202409061300,Other Indoor,"[{""Factor"":""Air Conditioner"",""Option"":""OFF""},{""Factor"":""Window"",""Option"":""OPEN""},{""Factor"":""Air Purifier"",""Option"":""OFF""}]"
Camel Paint Building Block 3,22.3109,114.2253,202409061301,202409061310,Outdoor,""
AIA Kowloon Tower,22.3125,114.2223,202409061311,202409061800,Office,"[{""Factor"":""Air Conditioner"",""Option"":""ON""},{""Factor"":""Window"",""Option"":""CLOSE""},{""Factor"":""Air Purifier"",""Option"":""ON""}]"
AIA Kowloon Tower,22.3125,114.2223,202409061801,202409061810,Outdoor,""
Kwun Tong Station,22.31265,114.22645,202409061811,202409061900,MTR,""
South Horizons,22.24297,114.1482,202409061901,202409062359,Home,"[{""Factor"":""Air Conditioner"",""Option"":""OFF""},{""Factor"":""Window"",""Option"":""OPEN""},{""Factor"":""Air Purifier"",""Option"":""OFF""}]"
South Horizons,22.24297,114.1482,202409070000,202409070800,Home,"[{""Factor"":""Air Conditioner"",""Option"":""OFF""},{""Factor"":""Window"",""Option"":""OPEN""},{""Factor"":""Air Purifier"",""Option"":""OFF""}]"
South Horizons Station,22.24317,114.14871,202409070801,202409070850,MTR,""
Kwun Tong Station,22.31265,114.22645,202409070851,202409070900,Outdoor,""
AIA Kowloon Tower,22.3125,114.2223,202409070901,202409071200,Office,"[{""Factor"":""Air Conditioner"",""Option"":""ON""},{""Factor"":""Window"",""Option"":""CLOSE""},{""Factor"":""Air Purifier"",""Option"":""ON""}]"
AIA Kowloon Tower,22.31274,114.22271,202409071201,202409071210,Outdoor,""
Camel Paint Building Block 3,22.3109,114.2253,202409071211,202409071300,Other Indoor,"[{""Factor"":""Air Conditioner"",""Option"":""OFF""},{""Factor"":""Window"",""Option"":""OPEN""},{""Factor"":""Air Purifier"",""Option"":""OFF""}]"
Camel Paint Building Block 3,22.3109,114.2253,202409071301,202409071310,Outdoor,""
AIA Kowloon Tower,22.3125,114.2223,202409071311,202409071800,Office,"[{""Factor"":""Air Conditioner"",""Option"":""ON""},{""Factor"":""Window"",""Option"":""CLOSE""},{""Factor"":""Air Purifier"",""Option"":""ON""}]"
AIA Kowloon Tower,22.3125,114.2223,202409071801,202409071810,Outdoor,""
Kwun Tong Station,22.31265,114.22645,202409071811,202409071900,MTR,""
South Horizons,22.24297,114.1482,202409071901,202409072359,Home,"[{""Factor"":""Air Conditioner"",""Option"":""OFF""},{""Factor"":""Window"",""Option"":""OPEN""},{""Factor"":""Air Purifier"",""Option"":""OFF""}]"
South Horizons,22.24297,114.1482,202409080000,202409080800,Home,"[{""Factor"":""Air Conditioner"",""Option"":""OFF""},{""Factor"":""Window"",""Option"":""OPEN""},{""Factor"":""Air Purifier"",""Option"":""OFF""}]"
South Horizons Station,22.24317,114.14871,202409080801,202409080850,MTR,""
Kwun Tong Station,22.31265,114.22645,202409080851,202409080900,Outdoor,""
AIA Kowloon Tower,22.3125,114.2223,202409080901,202409081200,Office,"[{""Factor"":""Air Conditioner"",""Option"":""ON""},{""Factor"":""Window"",""Option"":""CLOSE""},{""Factor"":""Air Purifier"",""Option"":""ON""}]"
AIA Kowloon Tower,22.31274,114.22271,202409081201,202409081210,Outdoor,""
Camel Paint Building Block 3,22.3109,114.2253,202409081211,202409081300,Other Indoor,"[{""Factor"":""Air Conditioner"",""Option"":""OFF""},{""Factor"":""Window"",""Option"":""OPEN""},{""Factor"":""Air Purifier"",""Option"":""OFF""}]"
Camel Paint Building Block 3,22.3109,114.2253,202409081301,202409081310,Outdoor,""
AIA Kowloon Tower,22.3125,114.2223,202409081311,202409081800,Office,"[{""Factor"":""Air Conditioner"",""Option"":""ON""},{""Factor"":""Window"",""Option"":""CLOSE""},{""Factor"":""Air Purifier"",""Option"":""ON""}]"
AIA Kowloon Tower,22.3125,114.2223,202409081801,202409081810,Outdoor,""
Kwun Tong Station,22.31265,114.22645,202409081811,202409081900,MTR,""
South Horizons,22.24297,114.1482,202409081901,202409082359,Home,"[{""Factor"":""Air Conditioner"",""Option"":""OFF""},{""Factor"":""Window"",""Option"":""OPEN""},{""Factor"":""Air Purifier"",""Option"":""OFF""}]"
South Horizons,22.24297,114.1482,202409090000,202409090800,Home,"[{""Factor"":""Air Conditioner"",""Option"":""OFF""},{""Factor"":""Window"",""Option"":""OPEN""},{""Factor"":""Air Purifier"",""Option"":""OFF""}]"
South Horizons Station,22.24317,114.14871,202409090801,202409090850,MTR,""
Kwun Tong Station,22.31265,114.22645,202409090851,202409090900,Outdoor,""
AIA Kowloon Tower,22.3125,114.2223,202409090901,202409091200,Office,"[{""Factor"":""Air Conditioner"",""Option"":""ON""},{""Factor"":""Window"",""Option"":""CLOSE""},{""Factor"":""Air Purifier"",""Option"":""ON""}]"
AIA Kowloon Tower,22.31274,114.22271,202409091201,202409091210,Outdoor,""
Camel Paint Building Block 3,22.3109,114.2253,202409091211,202409091300,Other Indoor,"[{""Factor"":""Air Conditioner"",""Option"":""OFF""},{""Factor"":""Window"",""Option"":""OPEN""},{""Factor"":""Air Purifier"",""Option"":""OFF""}]"
Camel Paint Building Block 3,22.3109,114.2253,202409091301,202409091310,Outdoor,""
AIA Kowloon Tower,22.3125,114.2223,202409091311,202409091800,Office,"[{""Factor"":""Air Conditioner"",""Option"":""ON""},{""Factor"":""Window"",""Option"":""CLOSE""},{""Factor"":""Air Purifier"",""Option"":""ON""}]"
AIA Kowloon Tower,22.3125,114.2223,202409091801,202409091810,Outdoor,""
Kwun Tong Station,22.31265,114.22645,202409091811,202409091900,MTR,""
South Horizons,22.24297,114.1482,202409091901,202409092359,Home,"[{""Factor"":""Air Conditioner"",""Option"":""OFF""},{""Factor"":""Window"",""Option"":""OPEN""},{""Factor"":""Air Purifier"",""Option"":""OFF""}]"
South Horizons,22.24297,114.1482,202409100000,202409100800,Home,"[{""Factor"":""Air Conditioner"",""Option"":""OFF""},{""Factor"":""Window"",""Option"":""OPEN""},{""Factor"":""Air Purifier"",""Option"":""OFF""}]"
South Horizons Station,22.24317,114.14871,202409100801,202409100850,MTR,""
Kwun Tong Station,22.31265,114.22645,202409100851,202409100900,Outdoor,""
AIA Kowloon Tower,22.3125,114.2223,202409100901,202409101200,Office,"[{""Factor"":""Air Conditioner"",""Option"":""ON""},{""Factor"":""Window"",""Option"":""CLOSE""},{""Factor"":""Air Purifier"",""Option"":""ON""}]"
AIA Kowloon Tower,22.31274,114.22271,202409101201,202409101210,Outdoor,""
Camel Paint Building Block 3,22.3109,114.2253,202409101211,202409101300,Other Indoor,"[{""Factor"":""Air Conditioner"",""Option"":""OFF""},{""Factor"":""Window"",""Option"":""OPEN""},{""Factor"":""Air Purifier"",""Option"":""OFF""}]"
Camel Paint Building Block 3,22.3109,114.2253,202409101301,202409101310,Outdoor,""
AIA Kowloon Tower,22.3125,114.2223,202409101311,202409101800,Office,"[{""Factor"":""Air Conditioner"",""Option"":""ON""},{""Factor"":""Window"",""Option"":""CLOSE""},{""Factor"":""Air Purifier"",""Option"":""ON""}]"
AIA Kowloon Tower,22.3125,114.2223,202409101801,202409101810,Outdoor,""
Kwun Tong Station,22.31265,114.22645,202409101811,202409101900,MTR,""
South Horizons,22.24297,114.1482,202409101901,202409102359,Home,"[{""Factor"":""Air Conditioner"",""Option"":""OFF""},{""Factor"":""Window"",""Option"":""OPEN""},{""Factor"":""Air Purifier"",""Option"":""OFF""}]"
South Horizons,22.24297,114.1482,202409110000,202409110800,Home,"[{""Factor"":""Air Conditioner"",""Option"":""OFF""},{""Factor"":""Window"",""Option"":""OPEN""},{""Factor"":""Air Purifier"",""Option"":""OFF""}]"
South Horizons Station,22.24317,114.14871,202409110801,202409110850,MTR,""
Kwun Tong Station,22.31265,114.22645,202409110851,202409110900,Outdoor,""
AIA Kowloon Tower,22.3125,114.2223,202409110901,202409111200,Office,"[{""Factor"":""Air Conditioner"",""Option"":""ON""},{""Factor"":""Window"",""Option"":""CLOSE""},{""Factor"":""Air Purifier"",""Option"":""ON""}]"
AIA Kowloon Tower,22.31274,114.22271,202409111201,202409111210,Outdoor,""
Camel Paint Building Block 3,22.3109,114.2253,202409111211,202409111300,Other Indoor,"[{""Factor"":""Air Conditioner"",""Option"":""OFF""},{""Factor"":""Window"",""Option"":""OPEN""},{""Factor"":""Air Purifier"",""Option"":""OFF""}]"
Camel Paint Building Block 3,22.3109,114.2253,202409111301,202409111310,Outdoor,""
AIA Kowloon Tower,22.3125,114.2223,202409111311,202409111800,Office,"[{""Factor"":""Air Conditioner"",""Option"":""ON""},{""Factor"":""Window"",""Option"":""CLOSE""},{""Factor"":""Air Purifier"",""Option"":""ON""}]"
AIA Kowloon Tower,22.3125,114.2223,202409111801,202409111810,Outdoor,""
Kwun Tong Station,22.31265,114.22645,202409111811,202409111900,MTR,""
South Horizons,22.24297,114.1482,202409111901,202409112359,Home,"[{""Factor"":""Air Conditioner"",""Option"":""OFF""},{""Factor"":""Window"",""Option"":""OPEN""},{""Factor"":""Air Purifier"",""Option"":""OFF""}]"
South Horizons,22.24297,114.1482,202409120000,202409120800,Home,"[{""Factor"":""Air Conditioner"",""Option"":""OFF""},{""Factor"":""Window"",""Option"":""OPEN""},{""Factor"":""Air Purifier"",""Option"":""OFF""}]"
South Horizons Station,22.24317,114.14871,202409120801,202409120850,MTR,""
Kwun Tong Station,22.31265,114.22645,202409120851,202409120900,Outdoor,""
AIA Kowloon Tower,22.3125,114.2223,202409120901,202409121200,Office,"[{""Factor"":""Air Conditioner"",""Option"":""ON""},{""Factor"":""Window"",""Option"":""CLOSE""},{""Factor"":""Air Purifier"",""Option"":""ON""}]"
AIA Kowloon Tower,22.31274,114.22271,202409121201,202409121210,Outdoor,""
Camel Paint Building Block 3,22.3109,114.2253,202409121211,202409121300,Other Indoor,"[{""Factor"":""Air Conditioner"",""Option"":""OFF""},{""Factor"":""Window"",""Option"":""OPEN""},{""Factor"":""Air Purifier"",""Option"":""OFF""}]"
Camel Paint Building Block 3,22.3109,114.2253,202409121301,202409121310,Outdoor,""
AIA Kowloon Tower,22.3125,114.2223,202409121311,202409121800,Office,"[{""Factor"":""Air Conditioner"",""Option"":""ON""},{""Factor"":""Window"",""Option"":""CLOSE""},{""Factor"":""Air Purifier"",""Option"":""ON""}]"
AIA Kowloon Tower,22.3125,114.2223,202409121801,202409121810,Outdoor,""
Kwun Tong Station,22.31265,114.22645,202409121811,202409121900,MTR,""
South Horizons,22.24297,114.1482,202409121901,202409122359,Home,"[{""Factor"":""Air Conditioner"",""Option"":""OFF""},{""Factor"":""Window"",""Option"":""OPEN""},{""Factor"":""Air Purifier"",""Option"":""OFF""}]"
South Horizons,22.24297,114.1482,202409130000,202409130800,Home,"[{""Factor"":""Air Conditioner"",""Option"":""OFF""},{""Factor"":""Window"",""Option"":""OPEN""},{""Factor"":""Air Purifier"",""Option"":""OFF""}]"
South Horizons Station,22.24317,114.14871,202409130801,202409130850,MTR,""
Kwun Tong Station,22.31265,114.22645,202409130851,202409130900,Outdoor,""
AIA Kowloon Tower,22.3125,114.2223,202409130901,202409131200,Office,"[{""Factor"":""Air Conditioner"",""Option"":""ON""},{""Factor"":""Window"",""Option"":""CLOSE""},{""Factor"":""Air Purifier"",""Option"":""ON""}]"
AIA Kowloon Tower,22.31274,114.22271,202409131201,202409131210,Outdoor,""
Camel Paint Building Block 3,22.3109,114.2253,202409131211,202409131300,Other Indoor,"[{""Factor"":""Air Conditioner"",""Option"":""OFF""},{""Factor"":""Window"",""Option"":""OPEN""},{""Factor"":""Air Purifier"",""Option"":""OFF""}]"
Camel Paint Building Block 3,22.3109,114.2253,202409131301,202409131310,Outdoor,""
AIA Kowloon Tower,22.3125,114.2223,202409131311,202409131800,Office,"[{""Factor"":""Air Conditioner"",""Option"":""ON""},{""Factor"":""Window"",""Option"":""CLOSE""},{""Factor"":""Air Purifier"",""Option"":""ON""}]"
AIA Kowloon Tower,22.3125,114.2223,202409131801,202409131810,Outdoor,""
Kwun Tong Station,22.31265,114.22645,202409131811,202409131900,MTR,""
South Horizons,22.24297,114.1482,202409131901,202409132359,Home,"[{""Factor"":""Air Conditioner"",""Option"":""OFF""},{""Factor"":""Window"",""Option"":""OPEN""},{""Factor"":""Air Purifier"",""Option"":""OFF""}]"
South Horizons,22.24297,114.1482,202409140000,202409140800,Home,"[{""Factor"":""Air Conditioner"",""Option"":""OFF""},{""Factor"":""Window"",""Option"":""OPEN""},{""Factor"":""Air Purifier"",""Option"":""OFF""}]"
South Horizons Station,22.24317,114.14871,202409140801,202409140850,MTR,""
Kwun Tong Station,22.31265,114.22645,202409140851,202409140900,Outdoor,""
AIA Kowloon Tower,22.3125,114.2223,202409140901,202409141200,Office,"[{""Factor"":""Air Conditioner"",""Option"":""ON""},{""Factor"":""Window"",""Option"":""CLOSE""},{""Factor"":""Air Purifier"",""Option"":""ON""}]"
AIA Kowloon Tower,22.31274,114.22271,202409141201,202409141210,Outdoor,""
Camel Paint Building Block 3,22.3109,114.2253,202409141211,202409141300,Other Indoor,"[{""Factor"":""Air Conditioner"",""Option"":""OFF""},{""Factor"":""Window"",""Option"":""OPEN""},{""Factor"":""Air Purifier"",""Option"":""OFF""}]"
Camel Paint Building Block 3,22.3109,114.2253,202409141301,202409141310,Outdoor,""
AIA Kowloon Tower,22.3125,114.2223,202409141311,202409141800,Office,"[{""Factor"":""Air Conditioner"",""Option"":""ON""},{""Factor"":""Window"",""Option"":""CLOSE""},{""Factor"":""Air Purifier"",""Option"":""ON""}]"
AIA Kowloon Tower,22.3125,114.2223,202409141801,202409141810,Outdoor,""
Kwun Tong Station,22.31265,114.22645,202409141811,202409141900,MTR,""
South Horizons,22.24297,114.1482,202409141901,202409142359,Home,"[{""Factor"":""Air Conditioner"",""Option"":""OFF""},{""Factor"":""Window"",""Option"":""OPEN""},{""Factor"":""Air Purifier"",""Option"":""OFF""}]"
South Horizons,22.24297,114.1482,202409150000,202409150800,Home,"[{""Factor"":""Air Conditioner"",""Option"":""OFF""},{""Factor"":""Window"",""Option"":""OPEN""},{""Factor"":""Air Purifier"",""Option"":""OFF""}]"
South Horizons Station,22.24317,114.14871,202409150801,202409150850,MTR,""
Kwun Tong Station,22.31265,114.22645,202409150851,202409150900,Outdoor,""
AIA Kowloon Tower,22.3125,114.2223,202409150901,202409151200,Office,"[{""Factor"":""Air Conditioner"",""Option"":""ON""},{""Factor"":""Window"",""Option"":""CLOSE""},{""Factor"":""Air Purifier"",""Option"":""ON""}]"
AIA Kowloon Tower,22.31274,114.22271,202409151201,202409151210,Outdoor,""
Camel Paint Building Block 3,22.3109,114.2253,202409151211,202409151300,Other Indoor,"[{""Factor"":""Air Conditioner"",""Option"":""OFF""},{""Factor"":""Window"",""Option"":""OPEN""},{""Factor"":""Air Purifier"",""Option"":""OFF""}]"
Camel Paint Building Block 3,22.3109,114.2253,202409151301,202409151310,Outdoor,""
AIA Kowloon Tower,22.3125,114.2223,202409151311,202409151800,Office,"[{""Factor"":""Air Conditioner"",""Option"":""ON""},{""Factor"":""Window"",""Option"":""CLOSE""},{""Factor"":""Air Purifier"",""Option"":""ON""}]"
AIA Kowloon Tower,22.3125,114.2223,202409151801,202409151810,Outdoor,""
Kwun Tong Station,22.31265,114.22645,202409151811,202409151900,MTR,""
South Horizons,22.24297,114.1482,202409151901,202409152359,Home,"[{""Factor"":""Air Conditioner"",""Option"":""OFF""},{""Factor"":""Window"",""Option"":""OPEN""},{""Factor"":""Air Purifier"",""Option"":""OFF""}]"
South Horizons,22.24297,114.1482,202409160000,202409160800,Home,"[{""Factor"":""Air Conditioner"",""Option"":""OFF""},{""Factor"":""Window"",""Option"":""OPEN""},{""Factor"":""Air Purifier"",""Option"":""OFF""}]"
South Horizons Station,22.24317,114.14871,202409160801,202409160850,MTR,""
Kwun Tong Station,22.31265,114.22645,202409160851,202409160900,Outdoor,""
AIA Kowloon Tower,22.3125,114.2223,202409160901,202409161200,Office,"[{""Factor"":""Air Conditioner"",""Option"":""ON""},{""Factor"":""Window"",""Option"":""CLOSE""},{""Factor"":""Air Purifier"",""Option"":""ON""}]"
AIA Kowloon Tower,22.31274,114.22271,202409161201,202409161210,Outdoor,""
Camel Paint Building Block 3,22.3109,114.2253,202409161211,202409161300,Other Indoor,"[{""Factor"":""Air Conditioner"",""Option"":""OFF""},{""Factor"":""Window"",""Option"":""OPEN""},{""Factor"":""Air Purifier"",""Option"":""OFF""}]"
Camel Paint Building Block 3,22.3109,114.2253,202409161301,202409161310,Outdoor,""
AIA Kowloon Tower,22.3125,114.2223,202409161311,202409161800,Office,"[{""Factor"":""Air Conditioner"",""Option"":""ON""},{""Factor"":""Window"",""Option"":""CLOSE""},{""Factor"":""Air Purifier"",""Option"":""ON""}]"
AIA Kowloon Tower,22.3125,114.2223,202409161801,202409161810,Outdoor,""
Kwun Tong Station,22.31265,114.22645,202409161811,202409161900,MTR,""
South Horizons,22.24297,114.1482,202409161901,202409162359,Home,"[{""Factor"":""Air Conditioner"",""Option"":""OFF""},{""Factor"":""Window"",""Option"":""OPEN""},{""Factor"":""Air Purifier"",""Option"":""OFF""}]"
South Horizons,22.24297,114.1482,202409170000,202409170800,Home,"[{""Factor"":""Air Conditioner"",""Option"":""OFF""},{""Factor"":""Window"",""Option"":""OPEN""},{""Factor"":""Air Purifier"",""Option"":""OFF""}]"
South Horizons Station,22.24317,114.14871,202409170801,202409170850,MTR,""
Kwun Tong Station,22.31265,114.22645,202409170851,202409170900,Outdoor,""
AIA Kowloon Tower,22.3125,114.2223,202409170901,202409171200,Office,"[{""Factor"":""Air Conditioner"",""Option"":""ON""},{""Factor"":""Window"",""Option"":""CLOSE""},{""Factor"":""Air Purifier"",""Option"":""ON""}]"
AIA Kowloon Tower,22.31274,114.22271,202409171201,202409171210,Outdoor,""
Camel Paint Building Block 3,22.3109,114.2253,202409171211,202409171300,Other Indoor,"[{""Factor"":""Air Conditioner"",""Option"":""OFF""},{""Factor"":""Window"",""Option"":""OPEN""},{""Factor"":""Air Purifier"",""Option"":""OFF""}]"
Camel Paint Building Block 3,22.3109,114.2253,202409171301,202409171310,Outdoor,""
AIA Kowloon Tower,22.3125,114.2223,202409171311,202409171800,Office,"[{""Factor"":""Air Conditioner"",""Option"":""ON""},{""Factor"":""Window"",""Option"":""CLOSE""},{""Factor"":""Air Purifier"",""Option"":""ON""}]"
AIA Kowloon Tower,22.3125,114.2223,202409171801,202409171810,Outdoor,""
Kwun Tong Station,22.31265,114.22645,202409171811,202409171900,MTR,""
South Horizons,22.24297,114.1482,202409171901,202409172359,Home,"[{""Factor"":""Air Conditioner"",""Option"":""OFF""},{""Factor"":""Window"",""Option"":""OPEN""},{""Factor"":""Air Purifier"",""Option"":""OFF""}]"
South Horizons,22.24297,114.1482,202409180000,202409180800,Home,"[{""Factor"":""Air Conditioner"",""Option"":""OFF""},{""Factor"":""Window"",""Option"":""OPEN""},{""Factor"":""Air Purifier"",""Option"":""OFF""}]"
South Horizons Station,22.24317,114.14871,202409180801,202409180850,MTR,""
Kwun Tong Station,22.31265,114.22645,202409180851,202409180900,Outdoor,""
AIA Kowloon Tower,22.3125,114.2223,202409180901,202409181200,Office,"[{""Factor"":""Air Conditioner"",""Option"":""ON""},{""Factor"":""Window"",""Option"":""CLOSE""},{""Factor"":""Air Purifier"",""Option"":""ON""}]"
AIA Kowloon Tower,22.31274,114.22271,202409181201,202409181210,Outdoor,""
Camel Paint Building Block 3,22.3109,114.2253,202409181211,202409181300,Other Indoor,"[{""Factor"":""Air Conditioner"",""Option"":""OFF""},{""Factor"":""Window"",""Option"":""OPEN""},{""Factor"":""Air Purifier"",""Option"":""OFF""}]"
Camel Paint Building Block 3,22.3109,114.2253,202409181301,202409181310,Outdoor,""
AIA Kowloon Tower,22.3125,114.2223,202409181311,202409181800,Office,"[{""Factor"":""Air Conditioner"",""Option"":""ON""},{""Factor"":""Window"",""Option"":""CLOSE""},{""Factor"":""Air Purifier"",""Option"":""ON""}]"
AIA Kowloon Tower,22.3125,114.2223,202409181801,202409181810,Outdoor,""
Kwun Tong Station,22.31265,114.22645,202409181811,202409181900,MTR,""
South Horizons,22.24297,114.1482,202409181901,202409182359,Home,"[{""Factor"":""Air Conditioner"",""Option"":""OFF""},{""Factor"":""Window"",""Option"":""OPEN""},{""Factor"":""Air Purifier"",""Option"":""OFF""}]"
South Horizons,22.24297,114.1482,202409190000,202409190800,Home,"[{""Factor"":""Air Conditioner"",""Option"":""OFF""},{""Factor"":""Window"",""Option"":""OPEN""},{""Factor"":""Air Purifier"",""Option"":""OFF""}]"
South Horizons Station,22.24317,114.14871,202409190801,202409190850,MTR,""
Kwun Tong Station,22.31265,114.22645,202409190851,202409190900,Outdoor,""
AIA Kowloon Tower,22.3125,114.2223,202409190901,202409191200,Office,"[{""Factor"":""Air Conditioner"",""Option"":""ON""},{""Factor"":""Window"",""Option"":""CLOSE""},{""Factor"":""Air Purifier"",""Option"":""ON""}]"
AIA Kowloon Tower,22.31274,114.22271,202409191201,202409191210,Outdoor,""
Camel Paint Building Block 3,22.3109,114.2253,202409191211,202409191300,Other Indoor,"[{""Factor"":""Air Conditioner"",""Option"":""OFF""},{""Factor"":""Window"",""Option"":""OPEN""},{""Factor"":""Air Purifier"",""Option"":""OFF""}]"
Camel Paint Building Block 3,22.3109,114.2253,202409191301,202409191310,Outdoor,""
AIA Kowloon Tower,22.3125,114.2223,202409191311,202409191800,Office,"[{""Factor"":""Air Conditioner"",""Option"":""ON""},{""Factor"":""Window"",""Option"":""CLOSE""},{""Factor"":""Air Purifier"",""Option"":""ON""}]"
AIA Kowloon Tower,22.3125,114.2223,202409191801,202409191810,Outdoor,""
Kwun Tong Station,22.31265,114.22645,202409191811,202409191900,MTR,""
South Horizons,22.24297,114.1482,202409191901,202409192359,Home,"[{""Factor"":""Air Conditioner"",""Option"":""OFF""},{""Factor"":""Window"",""Option"":""OPEN""},{""Factor"":""Air Purifier"",""Option"":""OFF""}]"
South Horizons,22.24297,114.1482,202409200000,202409200800,Home,"[{""Factor"":""Air Conditioner"",""Option"":""OFF""},{""Factor"":""Window"",""Option"":""OPEN""},{""Factor"":""Air Purifier"",""Option"":""OFF""}]"
South Horizons Station,22.24317,114.14871,202409200801,202409200850,MTR,""
Kwun Tong Station,22.31265,114.22645,202409200851,202409200900,Outdoor,""
AIA Kowloon Tower,22.3125,114.2223,202409200901,202409201200,Office,"[{""Factor"":""Air Conditioner"",""Option"":""ON""},{""Factor"":""Window"",""Option"":""CLOSE""},{""Factor"":""Air Purifier"",""Option"":""ON""}]"
AIA Kowloon Tower,22.31274,114.22271,202409201201,202409201210,Outdoor,""
Camel Paint Building Block 3,22.3109,114.2253,202409201211,202409201300,Other Indoor,"[{""Factor"":""Air Conditioner"",""Option"":""OFF""},{""Factor"":""Window"",""Option"":""OPEN""},{""Factor"":""Air Purifier"",""Option"":""OFF""}]"
Camel Paint Building Block 3,22.3109,114.2253,202409201301,202409201310,Outdoor,""
AIA Kowloon Tower,22.3125,114.2223,202409201311,202409201800,Office,"[{""Factor"":""Air Conditioner"",""Option"":""ON""},{""Factor"":""Window"",""Option"":""CLOSE""},{""Factor"":""Air Purifier"",""Option"":""ON""}]"
AIA Kowloon Tower,22.3125,114.2223,202409201801,202409201810,Outdoor,""
Kwun Tong Station,22.31265,114.22645,202409201811,202409201900,MTR,""
South Horizons,22.24297,114.1482,202409201901,202409202359,Home,"[{""Factor"":""Air Conditioner"",""Option"":""OFF""},{""Factor"":""Window"",""Option"":""OPEN""},{""Factor"":""Air Purifier"",""Option"":""OFF""}]"
South Horizons,22.24297,114.1482,202409210000,202409210800,Home,"[{""Factor"":""Air Conditioner"",""Option"":""OFF""},{""Factor"":""Window"",""Option"":""OPEN""},{""Factor"":""Air Purifier"",""Option"":""OFF""}]"
South Horizons Station,22.24317,114.14871,202409210801,202409210850,MTR,""
Kwun Tong Station,22.31265,114.22645,202409210851,202409210900,Outdoor,""
AIA Kowloon Tower,22.3125,114.2223,202409210901,202409211200,Office,"[{""Factor"":""Air Conditioner"",""Option"":""ON""},{""Factor"":""Window"",""Option"":""CLOSE""},{""Factor"":""Air Purifier"",""Option"":""ON""}]"
AIA Kowloon Tower,22.31274,114.22271,202409211201,202409211210,Outdoor,""
Camel Paint Building Block 3,22.3109,114.2253,202409211211,202409211300,Other Indoor,"[{""Factor"":""Air Conditioner"",""Option"":""OFF""},{""Factor"":""Window"",""Option"":""OPEN""},{""Factor"":""Air Purifier"",""Option"":""OFF""}]"
Camel Paint Building Block 3,22.3109,114.2253,202409211301,202409211310,Outdoor,""
AIA Kowloon Tower,22.3125,114.2223,202409211311,202409211800,Office,"[{""Factor"":""Air Conditioner"",""Option"":""ON""},{""Factor"":""Window"",""Option"":""CLOSE""},{""Factor"":""Air Purifier"",""Option"":""ON""}]"
AIA Kowloon Tower,22.3125,114.2223,202409211801,202409211810,Outdoor,""
Kwun Tong Station,22.31265,114.22645,202409211811,202409211900,MTR,""
South Horizons,22.24297,114.1482,202409211901,202409212359,Home,"[{""Factor"":""Air Conditioner"",""Option"":""OFF""},{""Factor"":""Window"",""Option"":""OPEN""},{""Factor"":""Air Purifier"",""Option"":""OFF""}]"
South Horizons,22.24297,114.1482,202409220000,202409220800,Home,"[{""Factor"":""Air Conditioner"",""Option"":""OFF""},{""Factor"":""Window"",""Option"":""OPEN""},{""Factor"":""Air Purifier"",""Option"":""OFF""}]"
South Horizons Station,22.24317,114.14871,202409220801,202409220850,MTR,""
Kwun Tong Station,22.31265,114.22645,202409220851,202409220900,Outdoor,""
AIA Kowloon Tower,22.3125,114.2223,202409220901,202409221200,Office,"[{""Factor"":""Air Conditioner"",""Option"":""ON""},{""Factor"":""Window"",""Option"":""CLOSE""},{""Factor"":""Air Purifier"",""Option"":""ON""}]"
AIA Kowloon Tower,22.31274,114.22271,202409221201,202409221210,Outdoor,""
Camel Paint Building Block 3,22.3109,114.2253,202409221211,202409221300,Other Indoor,"[{""Factor"":""Air Conditioner"",""Option"":""OFF""},{""Factor"":""Window"",""Option"":""OPEN""},{""Factor"":""Air Purifier"",""Option"":""OFF""}]"
Camel Paint Building Block 3,22.3109,114.2253,202409221301,202409221310,Outdoor,""
AIA Kowloon Tower,22.3125,114.2223,202409221311,202409221800,Office,"[{""Factor"":""Air Conditioner"",""Option"":""ON""},{""Factor"":""Window"",""Option"":""CLOSE""},{""Factor"":""Air Purifier"",""Option"":""ON""}]"
AIA Kowloon Tower,22.3125,114.2223,202409221801,202409221810,Outdoor,""
Kwun Tong Station,22.31265,114.22645,202409221811,202409221900,MTR,""
South Horizons,22.24297,114.1482,202409221901,202409222359,Home,"[{""Factor"":""Air Conditioner"",""Option"":""OFF""},{""Factor"":""Window"",""Option"":""OPEN""},{""Factor"":""Air Purifier"",""Option"":""OFF""}]"
South Horizons,22.24297,114.1482,202409230000,202409230800,Home,"[{""Factor"":""Air Conditioner"",""Option"":""OFF""},{""Factor"":""Window"",""Option"":""OPEN""},{""Factor"":""Air Purifier"",""Option"":""OFF""}]"
South Horizons Station,22.24317,114.14871,202409230801,202409230850,MTR,""
Kwun Tong Station,22.31265,114.22645,202409230851,202409230900,Outdoor,""
AIA Kowloon Tower,22.3125,114.2223,202409230901,202409231200,Office,"[{""Factor"":""Air Conditioner"",""Option"":""ON""},{""Factor"":""Window"",""Option"":""CLOSE""},{""Factor"":""Air Purifier"",""Option"":""ON""}]"
AIA Kowloon Tower,22.31274,114.22271,202409231201,202409231210,Outdoor,""
Camel Paint Building Block 3,22.3109,114.2253,202409231211,202409231300,Other Indoor,"[{""Factor"":""Air Conditioner"",""Option"":""OFF""},{""Factor"":""Window"",""Option"":""OPEN""},{""Factor"":""Air Purifier"",""Option"":""OFF""}]"
Camel Paint Building Block 3,22.3109,114.2253,202409231301,202409231310,Outdoor,""
AIA Kowloon Tower,22.3125,114.2223,202409231311,202409231800,Office,"[{""Factor"":""Air Conditioner"",""Option"":""ON""},{""Factor"":""Window"",""Option"":""CLOSE""},{""Factor"":""Air Purifier"",""Option"":""ON""}]"
AIA Kowloon Tower,22.3125,114.2223,202409231801,202409231810,Outdoor,""
Kwun Tong Station,22.31265,114.22645,202409231811,202409231900,MTR,""
South Horizons,22.24297,114.1482,202409231901,202409232359,Home,"[{""Factor"":""Air Conditioner"",""Option"":""OFF""},{""Factor"":""Window"",""Option"":""OPEN""},{""Factor"":""Air Purifier"",""Option"":""OFF""}]"
South Horizons,22.24297,114.1482,202409240000,202409240800,Home,"[{""Factor"":""Air Conditioner"",""Option"":""OFF""},{""Factor"":""Window"",""Option"":""OPEN""},{""Factor"":""Air Purifier"",""Option"":""OFF""}]"
South Horizons Station,22.24317,114.14871,202409240801,202409240850,MTR,""
Kwun Tong Station,22.31265,114.22645,202409240851,202409240900,Outdoor,""
AIA Kowloon Tower,22.3125,114.2223,202409240901,202409241200,Office,"[{""Factor"":""Air Conditioner"",""Option"":""ON""},{""Factor"":""Window"",""Option"":""CLOSE""},{""Factor"":""Air Purifier"",""Option"":""ON""}]"
AIA Kowloon Tower,22.31274,114.22271,202409241201,202409241210,Outdoor,""
Camel Paint Building Block 3,22.3109,114.2253,202409241211,202409241300,Other Indoor,"[{""Factor"":""Air Conditioner"",""Option"":""OFF""},{""Factor"":""Window"",""Option"":""OPEN""},{""Factor"":""Air Purifier"",""Option"":""OFF""}]"
Camel Paint Building Block 3,22.3109,114.2253,202409241301,202409241310,Outdoor,""
AIA Kowloon Tower,22.3125,114.2223,202409241311,202409241800,Office,"[{""Factor"":""Air Conditioner"",""Option"":""ON""},{""Factor"":""Window"",""Option"":""CLOSE""},{""Factor"":""Air Purifier"",""Option"":""ON""}]"
AIA Kowloon Tower,22.3125,114.2223,202409241801,202409241810,Outdoor,""
Kwun Tong Station,22.31265,114.22645,202409241811,202409241900,MTR,""
South Horizons,22.24297,114.1482,202409241901,202409242359,Home,"[{""Factor"":""Air Conditioner"",""Option"":""OFF""},{""Factor"":""Window"",""Option"":""OPEN""},{""Factor"":""Air Purifier"",""Option"":""OFF""}]"
South Horizons,22.24297,114.1482,202409250000,202409250800,Home,"[{""Factor"":""Air Conditioner"",""Option"":""OFF""},{""Factor"":""Window"",""Option"":""OPEN""},{""Factor"":""Air Purifier"",""Option"":""OFF""}]"
South Horizons Station,22.24317,114.14871,202409250801,202409250850,MTR,""
Kwun Tong Station,22.31265,114.22645,202409250851,202409250900,Outdoor,""
AIA Kowloon Tower,22.3125,114.2223,202409250901,202409251200,Office,"[{""Factor"":""Air Conditioner"",""Option"":""ON""},{""Factor"":""Window"",""Option"":""CLOSE""},{""Factor"":""Air Purifier"",""Option"":""ON""}]"
AIA Kowloon Tower,22.31274,114.22271,202409251201,202409251210,Outdoor,""
Camel Paint Building Block 3,22.3109,114.2253,202409251211,202409251300,Other Indoor,"[{""Factor"":""Air Conditioner"",""Option"":""OFF""},{""Factor"":""Window"",""Option"":""OPEN""},{""Factor"":""Air Purifier"",""Option"":""OFF""}]"
Camel Paint Building Block 3,22.3109,114.2253,202409251301,202409251310,Outdoor,""
AIA Kowloon Tower,22.3125,114.2223,202409251311,202409251800,Office,"[{""Factor"":""Air Conditioner"",""Option"":""ON""},{""Factor"":""Window"",""Option"":""CLOSE""},{""Factor"":""Air Purifier"",""Option"":""ON""}]"
AIA Kowloon Tower,22.3125,114.2223,202409251801,202409251810,Outdoor,""
Kwun Tong Station,22.31265,114.22645,202409251811,202409251900,MTR,""
South Horizons,22.24297,114.1482,202409251901,202409252359,Home,"[{""Factor"":""Air Conditioner"",""Option"":""OFF""},{""Factor"":""Window"",""Option"":""OPEN""},{""Factor"":""Air Purifier"",""Option"":""OFF""}]"
South Horizons,22.24297,114.1482,202409260000,202409260800,Home,"[{""Factor"":""Air Conditioner"",""Option"":""OFF""},{""Factor"":""Window"",""Option"":""OPEN""},{""Factor"":""Air Purifier"",""Option"":""OFF""}]"
South Horizons Station,22.24317,114.14871,202409260801,202409260850,MTR,""
Kwun Tong Station,22.31265,114.22645,202409260851,202409260900,Outdoor,""
AIA Kowloon Tower,22.3125,114.2223,202409260901,202409261200,Office,"[{""Factor"":""Air Conditioner"",""Option"":""ON""},{""Factor"":""Window"",""Option"":""CLOSE""},{""Factor"":""Air Purifier"",""Option"":""ON""}]"
AIA Kowloon Tower,22.31274,114.22271,202409261201,202409261210,Outdoor,""
Camel Paint Building Block 3,22.3109,114.2253,202409261211,202409261300,Other Indoor,"[{""Factor"":""Air Conditioner"",""Option"":""OFF""},{""Factor"":""Window"",""Option"":""OPEN""},{""Factor"":""Air Purifier"",""Option"":""OFF""}]"
Camel Paint Building Block 3,22.3109,114.2253,202409261301,202409261310,Outdoor,""
AIA Kowloon Tower,22.3125,114.2223,202409261311,202409261800,Office,"[{""Factor"":""Air Conditioner"",""Option"":""ON""},{""Factor"":""Window"",""Option"":""CLOSE""},{""Factor"":""Air Purifier"",""Option"":""ON""}]"
AIA Kowloon Tower,22.3125,114.2223,202409261801,202409261810,Outdoor,""
Kwun Tong Station,22.31265,114.22645,202409261811,202409261900,MTR,""
South Horizons,22.24297,114.1482,202409261901,202409262359,Home,"[{""Factor"":""Air Conditioner"",""Option"":""OFF""},{""Factor"":""Window"",""Option"":""OPEN""},{""Factor"":""Air Purifier"",""Option"":""OFF""}]"
South Horizons,22.24297,114.1482,202409270000,202409270800,Home,"[{""Factor"":""Air Conditioner"",""Option"":""OFF""},{""Factor"":""Window"",""Option"":""OPEN""},{""Factor"":""Air Purifier"",""Option"":""OFF""}]"
South Horizons Station,22.24317,114.14871,202409270801,202409270850,MTR,""
Kwun Tong Station,22.31265,114.22645,202409270851,202409270900,Outdoor,""
AIA Kowloon Tower,22.3125,114.2223,202409270901,202409271200,Office,"[{""Factor"":""Air Conditioner"",""Option"":""ON""},{""Factor"":""Window"",""Option"":""CLOSE""},{""Factor"":""Air Purifier"",""Option"":""ON""}]"
AIA Kowloon Tower,22.31274,114.22271,202409271201,202409271210,Outdoor,""
Camel Paint Building Block 3,22.3109,114.2253,202409271211,202409271300,Other Indoor,"[{""Factor"":""Air Conditioner"",""Option"":""OFF""},{""Factor"":""Window"",""Option"":""OPEN""},{""Factor"":""Air Purifier"",""Option"":""OFF""}]"
Camel Paint Building Block 3,22.3109,114.2253,202409271301,202409271310,Outdoor,""
AIA Kowloon Tower,22.3125,114.2223,202409271311,202409271800,Office,"[{""Factor"":""Air Conditioner"",""Option"":""ON""},{""Factor"":""Window"",""Option"":""CLOSE""},{""Factor"":""Air Purifier"",""Option"":""ON""}]"
AIA Kowloon Tower,22.3125,114.2223,202409271801,202409271810,Outdoor,""
Kwun Tong Station,22.31265,114.22645,202409271811,202409271900,MTR,""
South Horizons,22.24297,114.1482,202409271901,202409272359,Home,"[{""Factor"":""Air Conditioner"",""Option"":""OFF""},{""Factor"":""Window"",""Option"":""OPEN""},{""Factor"":""Air Purifier"",""Option"":""OFF""}]"
South Horizons,22.24297,114.1482,202409280000,202409280800,Home,"[{""Factor"":""Air Conditioner"",""Option"":""OFF""},{""Factor"":""Window"",""Option"":""OPEN""},{""Factor"":""Air Purifier"",""Option"":""OFF""}]"
South Horizons Station,22.24317,114.14871,202409280801,202409280850,MTR,""
Kwun Tong Station,22.31265,114.22645,202409280851,202409280900,Outdoor,""
AIA Kowloon Tower,22.3125,114.2223,202409280901,202409281200,Office,"[{""Factor"":""Air Conditioner"",""Option"":""ON""},{""Factor"":""Window"",""Option"":""CLOSE""},{""Factor"":""Air Purifier"",""Option"":""ON""}]"
AIA Kowloon Tower,22.31274,114.22271,202409281201,202409281210,Outdoor,""
Camel Paint Building Block 3,22.3109,114.2253,202409281211,202409281300,Other Indoor,"[{""Factor"":""Air Conditioner"",""Option"":""OFF""},{""Factor"":""Window"",""Option"":""OPEN""},{""Factor"":""Air Purifier"",""Option"":""OFF""}]"
Camel Paint Building Block 3,22.3109,114.2253,202409281301,202409281310,Outdoor,""
AIA Kowloon Tower,22.3125,114.2223,202409281311,202409281800,Office,"[{""Factor"":""Air Conditioner"",""Option"":""ON""},{""Factor"":""Window"",""Option"":""CLOSE""},{""Factor"":""Air Purifier"",""Option"":""ON""}]"
AIA Kowloon Tower,22.3125,114.2223,202409281801,202409281810,Outdoor,""
Kwun Tong Station,22.31265,114.22645,202409281811,202409281900,MTR,""
South Horizons,22.24297,114.1482,202409281901,202409282359,Home,"[{""Factor"":""Air Conditioner"",""Option"":""OFF""},{""Factor"":""Window"",""Option"":""OPEN""},{""Factor"":""Air Purifier"",""Option"":""OFF""}]"
South Horizons,22.24297,114.1482,202409290000,202409290800,Home,"[{""Factor"":""Air Conditioner"",""Option"":""OFF""},{""Factor"":""Window"",""Option"":""OPEN""},{""Factor"":""Air Purifier"",""Option"":""OFF""}]"
South Horizons Station,22.24317,114.14871,202409290801,202409290850,MTR,""
Kwun Tong Station,22.31265,114.22645,202409290851,202409290900,Outdoor,""
AIA Kowloon Tower,22.3125,114.2223,202409290901,202409291200,Office,"[{""Factor"":""Air Conditioner"",""Option"":""ON""},{""Factor"":""Window"",""Option"":""CLOSE""},{""Factor"":""Air Purifier"",""Option"":""ON""}]"
AIA Kowloon Tower,22.31274,114.22271,202409291201,202409291210,Outdoor,""
Camel Paint Building Block 3,22.3109,114.2253,202409291211,202409291300,Other Indoor,"[{""Factor"":""Air Conditioner"",""Option"":""OFF""},{""Factor"":""Window"",""Option"":""OPEN""},{""Factor"":""Air Purifier"",""Option"":""OFF""}]"
Camel Paint Building Block 3,22.3109,114.2253,202409291301,202409291310,Outdoor,""
AIA Kowloon Tower,22.3125,114.2223,202409291311,202409291800,Office,"[{""Factor"":""Air Conditioner"",""Option"":""ON""},{""Factor"":""Window"",""Option"":""CLOSE""},{""Factor"":""Air Purifier"",""Option"":""ON""}]"
AIA Kowloon Tower,22.3125,114.2223,202409291801,202409291810,Outdoor,""
Kwun Tong Station,22.31265,114.22645,202409291811,202409291900,MTR,""
South Horizons,22.24297,114.1482,202409291901,202409292359,Home,"[{""Factor"":""Air Conditioner"",""Option"":""OFF""},{""Factor"":""Window"",""Option"":""OPEN""},{""Factor"":""Air Purifier"",""Option"":""OFF""}]"
South Horizons,22.24297,114.1482,202409300000,202409300800,Home,"[{""Factor"":""Air Conditioner"",""Option"":""OFF""},{""Factor"":""Window"",""Option"":""OPEN""},{""Factor"":""Air Purifier"",""Option"":""OFF""}]"
South Horizons Station,22.24317,114.14871,202409300801,202409300850,MTR,""
Kwun Tong Station,22.31265,114.22645,202409300851,202409300900,Outdoor,""
AIA Kowloon Tower,22.3125,114.2223,202409300901,202409301200,Office,"[{""Factor"":""Air Conditioner"",""Option"":""ON""},{""Factor"":""Window"",""Option"":""CLOSE""},{""Factor"":""Air Purifier"",""Option"":""ON""}]"
AIA Kowloon Tower,22.31274,114.22271,202409301201,202409301210,Outdoor,""
Camel Paint Building Block 3,22.3109,114.2253,202409301211,202409301300,Other Indoor,"[{""Factor"":""Air Conditioner"",""Option"":""OFF""},{""Factor"":""Window"",""Option"":""OPEN""},{""Factor"":""Air Purifier"",""Option"":""OFF""}]"
Camel Paint Building Block 3,22.3109,114.2253,202409301301,202409301310,Outdoor,""
AIA Kowloon Tower,22.3125,114.2223,202409301311,202409301800,Office,"[{""Factor"":""Air Conditioner"",""Option"":""ON""},{""Factor"":""Window"",""Option"":""CLOSE""},{""Factor"":""Air Purifier"",""Option"":""ON""}]"
AIA Kowloon Tower,22.3125,114.2223,202409301801,202409301810,Outdoor,""
Kwun Tong Station,22.31265,114.22645,202409301811,202409301900,MTR,""
South Horizons,22.24297,114.1482,202409301901,202409302359,Home,"[{""Factor"":""Air Conditioner"",""Option"":""OFF""},{""Factor"":""Window"",""Option"":""OPEN""},{""Factor"":""Air Purifier"",""Option"":""OFF""}]"
South Horizons,22.24297,114.1482,202410010000,202410010800,Home,"[{""Factor"":""Air Conditioner"",""Option"":""OFF""},{""Factor"":""Window"",""Option"":""OPEN""},{""Factor"":""Air Purifier"",""Option"":""OFF""}]"
South Horizons Station,22.24317,114.14871,202410010801,202410010850,MTR,""
Kwun Tong Station,22.31265,114.22645,202410010851,202410010900,Outdoor,""
AIA Kowloon Tower,22.3125,114.2223,202410010901,202410011200,Office,"[{""Factor"":""Air Conditioner"",""Option"":""ON""},{""Factor"":""Window"",""Option"":""CLOSE""},{""Factor"":""Air Purifier"",""Option"":""ON""}]"
AIA Kowloon Tower,22.31274,114.22271,202410011201,202410011210,Outdoor,""
Camel Paint Building Block 3,22.3109,114.2253,202410011211,202410011300,Other Indoor,"[{""Factor"":""Air Conditioner"",""Option"":""OFF""},{""Factor"":""Window"",""Option"":""OPEN""},{""Factor"":""Air Purifier"",""Option"":""OFF""}]"
Camel Paint Building Block 3,22.3109,114.2253,202410011301,202410011310,Outdoor,""
AIA Kowloon Tower,22.3125,114.2223,202410011311,202410011800,Office,"[{""Factor"":""Air Conditioner"",""Option"":""ON""},{""Factor"":""Window"",""Option"":""CLOSE""},{""Factor"":""Air Purifier"",""Option"":""ON""}]"
AIA Kowloon Tower,22.3125,114.2223,202410011801,202410011810,Outdoor,""
Kwun Tong Station,22.31265,114.22645,202410011811,202410011900,MTR,""
South Horizons,22.24297,114.1482,202410011901,202410012359,Home,"[{""Factor"":""Air Conditioner"",""Option"":""OFF""},{""Factor"":""Window"",""Option"":""OPEN""},{""Factor"":""Air Purifier"",""Option"":""OFF""}]"
South Horizons,22.24297,114.1482,202410020000,202410020800,Home,"[{""Factor"":""Air Conditioner"",""Option"":""OFF""},{""Factor"":""Window"",""Option"":""OPEN""},{""Factor"":""Air Purifier"",""Option"":""OFF""}]"
South Horizons Station,22.24317,114.14871,202410020801,202410020850,MTR,""
Kwun Tong Station,22.31265,114.22645,202410020851,202410020900,Outdoor,""
AIA Kowloon Tower,22.3125,114.2223,202410020901,202410021200,Office,"[{""Factor"":""Air Conditioner"",""Option"":""ON""},{""Factor"":""Window"",""Option"":""CLOSE""},{""Factor"":""Air Purifier"",""Option"":""ON""}]"
AIA Kowloon Tower,22.31274,114.22271,202410021201,202410021210,Outdoor,""
Camel Paint Building Block 3,22.3109,114.2253,202410021211,202410021300,Other Indoor,"[{""Factor"":""Air Conditioner"",""Option"":""OFF""},{""Factor"":""Window"",""Option"":""OPEN""},{""Factor"":""Air Purifier"",""Option"":""OFF""}]"
Camel Paint Building Block 3,22.3109,114.2253,202410021301,202410021310,Outdoor,""
AIA Kowloon Tower,22.3125,114.2223,202410021311,202410021800,Office,"[{""Factor"":""Air Conditioner"",""Option"":""ON""},{""Factor"":""Window"",""Option"":""CLOSE""},{""Factor"":""Air Purifier"",""Option"":""ON""}]"
AIA Kowloon Tower,22.3125,114.2223,202410021801,202410021810,Outdoor,""
Kwun Tong Station,22.31265,114.22645,202410021811,202410021900,MTR,""
South Horizons,22.24297,114.1482,202410021901,202410022359,Home,"[{""Factor"":""Air Conditioner"",""Option"":""OFF""},{""Factor"":""Window"",""Option"":""OPEN""},{""Factor"":""Air Purifier"",""Option"":""OFF""}]"
South Horizons,22.24297,114.1482,202410030000,202410030800,Home,"[{""Factor"":""Air Conditioner"",""Option"":""OFF""},{""Factor"":""Window"",""Option"":""OPEN""},{""Factor"":""Air Purifier"",""Option"":""OFF""}]"
South Horizons Station,22.24317,114.14871,202410030801,202410030850,MTR,""
Kwun Tong Station,22.31265,114.22645,202410030851,202410030900,Outdoor,""
AIA Kowloon Tower,22.3125,114.2223,202410030901,202410031200,Office,"[{""Factor"":""Air Conditioner"",""Option"":""ON""},{""Factor"":""Window"",""Option"":""CLOSE""},{""Factor"":""Air Purifier"",""Option"":""ON""}]"
AIA Kowloon Tower,22.31274,114.22271,202410031201,202410031210,Outdoor,""
Camel Paint Building Block 3,22.3109,114.2253,202410031211,202410031300,Other Indoor,"[{""Factor"":""Air Conditioner"",""Option"":""OFF""},{""Factor"":""Window"",""Option"":""OPEN""},{""Factor"":""Air Purifier"",""Option"":""OFF""}]"
Camel Paint Building Block 3,22.3109,114.2253,202410031301,202410031310,Outdoor,""
AIA Kowloon Tower,22.3125,114.2223,202410031311,202410031800,Office,"[{""Factor"":""Air Conditioner"",""Option"":""ON""},{""Factor"":""Window"",""Option"":""CLOSE""},{""Factor"":""Air Purifier"",""Option"":""ON""}]"
AIA Kowloon Tower,22.3125,114.2223,202410031801,202410031810,Outdoor,""
Kwun Tong Station,22.31265,114.22645,202410031811,202410031900,MTR,""
South Horizons,22.24297,114.1482,202410031901,202410032359,Home,"[{""Factor"":""Air Conditioner"",""Option"":""OFF""},{""Factor"":""Window"",""Option"":""OPEN""},{""Factor"":""Air Purifier"",""Option"":""OFF""}]"
South Horizons,22.24297,114.1482,202410040000,202410040800,Home,"[{""Factor"":""Air Conditioner"",""Option"":""OFF""},{""Factor"":""Window"",""Option"":""OPEN""},{""Factor"":""Air Purifier"",""Option"":""OFF""}]"
South Horizons Station,22.24317,114.14871,202410040801,202410040850,MTR,""
Kwun Tong Station,22.31265,114.22645,202410040851,202410040900,Outdoor,""
AIA Kowloon Tower,22.3125,114.2223,202410040901,202410041200,Office,"[{""Factor"":""Air Conditioner"",""Option"":""ON""},{""Factor"":""Window"",""Option"":""CLOSE""},{""Factor"":""Air Purifier"",""Option"":""ON""}]"
AIA Kowloon Tower,22.31274,114.22271,202410041201,202410041210,Outdoor,""
Camel Paint Building Block 3,22.3109,114.2253,202410041211,202410041300,Other Indoor,"[{""Factor"":""Air Conditioner"",""Option"":""OFF""},{""Factor"":""Window"",""Option"":""OPEN""},{""Factor"":""Air Purifier"",""Option"":""OFF""}]"
Camel Paint Building Block 3,22.3109,114.2253,202410041301,202410041310,Outdoor,""
AIA Kowloon Tower,22.3125,114.2223,202410041311,202410041800,Office,"[{""Factor"":""Air Conditioner"",""Option"":""ON""},{""Factor"":""Window"",""Option"":""CLOSE""},{""Factor"":""Air Purifier"",""Option"":""ON""}]"
AIA Kowloon Tower,22.3125,114.2223,202410041801,202410041810,Outdoor,""
Kwun Tong Station,22.31265,114.22645,202410041811,202410041900,MTR,""
South Horizons,22.24297,114.1482,202410041901,202410042359,Home,"[{""Factor"":""Air Conditioner"",""Option"":""OFF""},{""Factor"":""Window"",""Option"":""OPEN""},{""Factor"":""Air Purifier"",""Option"":""OFF""}]"
South Horizons,22.24297,114.1482,202410050000,202410050800,Home,"[{""Factor"":""Air Conditioner"",""Option"":""OFF""},{""Factor"":""Window"",""Option"":""OPEN""},{""Factor"":""Air Purifier"",""Option"":""OFF""}]"
South Horizons Station,22.24317,114.14871,202410050801,202410050850,MTR,""
Kwun Tong Station,22.31265,114.22645,202410050851,202410050900,Outdoor,""
AIA Kowloon Tower,22.3125,114.2223,202410050901,202410051200,Office,"[{""Factor"":""Air Conditioner"",""Option"":""ON""},{""Factor"":""Window"",""Option"":""CLOSE""},{""Factor"":""Air Purifier"",""Option"":""ON""}]"
AIA Kowloon Tower,22.31274,114.22271,202410051201,202410051210,Outdoor,""
Camel Paint Building Block 3,22.3109,114.2253,202410051211,202410051300,Other Indoor,"[{""Factor"":""Air Conditioner"",""Option"":""OFF""},{""Factor"":""Window"",""Option"":""OPEN""},{""Factor"":""Air Purifier"",""Option"":""OFF""}]"
Camel Paint Building Block 3,22.3109,114.2253,202410051301,202410051310,Outdoor,""
AIA Kowloon Tower,22.3125,114.2223,202410051311,202410051800,Office,"[{""Factor"":""Air Conditioner"",""Option"":""ON""},{""Factor"":""Window"",""Option"":""CLOSE""},{""Factor"":""Air Purifier"",""Option"":""ON""}]"
AIA Kowloon Tower,22.3125,114.2223,202410051801,202410051810,Outdoor,""
Kwun Tong Station,22.31265,114.22645,202410051811,202410051900,MTR,""
South Horizons,22.24297,114.1482,202410051901,202410052359,Home,"[{""Factor"":""Air Conditioner"",""Option"":""OFF""},{""Factor"":""Window"",""Option"":""OPEN""},{""Factor"":""Air Purifier"",""Option"":""OFF""}]"
South Horizons,22.24297,114.1482,202410060000,202410060800,Home,"[{""Factor"":""Air Conditioner"",""Option"":""OFF""},{""Factor"":""Window"",""Option"":""OPEN""},{""Factor"":""Air Purifier"",""Option"":""OFF""}]"
South Horizons Station,22.24317,114.14871,202410060801,202410060850,MTR,""
Kwun Tong Station,22.31265,114.22645,202410060851,202410060900,Outdoor,""
AIA Kowloon Tower,22.3125,114.2223,202410060901,202410061200,Office,"[{""Factor"":""Air Conditioner"",""Option"":""ON""},{""Factor"":""Window"",""Option"":""CLOSE""},{""Factor"":""Air Purifier"",""Option"":""ON""}]"
AIA Kowloon Tower,22.31274,114.22271,202410061201,202410061210,Outdoor,""
Camel Paint Building Block 3,22.3109,114.2253,202410061211,202410061300,Other Indoor,"[{""Factor"":""Air Conditioner"",""Option"":""OFF""},{""Factor"":""Window"",""Option"":""OPEN""},{""Factor"":""Air Purifier"",""Option"":""OFF""}]"
Camel Paint Building Block 3,22.3109,114.2253,202410061301,202410061310,Outdoor,""
AIA Kowloon Tower,22.3125,114.2223,202410061311,202410061800,Office,"[{""Factor"":""Air Conditioner"",""Option"":""ON""},{""Factor"":""Window"",""Option"":""CLOSE""},{""Factor"":""Air Purifier"",""Option"":""ON""}]"
AIA Kowloon Tower,22.3125,114.2223,202410061801,202410061810,Outdoor,""
Kwun Tong Station,22.31265,114.22645,202410061811,202410061900,MTR,""
South Horizons,22.24297,114.1482,202410061901,202410062359,Home,"[{""Factor"":""Air Conditioner"",""Option"":""OFF""},{""Factor"":""Window"",""Option"":""OPEN""},{""Factor"":""Air Purifier"",""Option"":""OFF""}]"
South Horizons,22.24297,114.1482,202410070000,202410070800,Home,"[{""Factor"":""Air Conditioner"",""Option"":""OFF""},{""Factor"":""Window"",""Option"":""OPEN""},{""Factor"":""Air Purifier"",""Option"":""OFF""}]"
South Horizons Station,22.24317,114.14871,202410070801,202410070850,MTR,""
Kwun Tong Station,22.31265,114.22645,202410070851,202410070900,Outdoor,""
AIA Kowloon Tower,22.3125,114.2223,202410070901,202410071200,Office,"[{""Factor"":""Air Conditioner"",""Option"":""ON""},{""Factor"":""Window"",""Option"":""CLOSE""},{""Factor"":""Air Purifier"",""Option"":""ON""}]"
AIA Kowloon Tower,22.31274,114.22271,202410071201,202410071210,Outdoor,""
Camel Paint Building Block 3,22.3109,114.2253,202410071211,202410071300,Other Indoor,"[{""Factor"":""Air Conditioner"",""Option"":""OFF""},{""Factor"":""Window"",""Option"":""OPEN""},{""Factor"":""Air Purifier"",""Option"":""OFF""}]"
Camel Paint Building Block 3,22.3109,114.2253,202410071301,202410071310,Outdoor,""
AIA Kowloon Tower,22.3125,114.2223,202410071311,202410071800,Office,"[{""Factor"":""Air Conditioner"",""Option"":""ON""},{""Factor"":""Window"",""Option"":""CLOSE""},{""Factor"":""Air Purifier"",""Option"":""ON""}]"
AIA Kowloon Tower,22.3125,114.2223,202410071801,202410071810,Outdoor,""
Kwun Tong Station,22.31265,114.22645,202410071811,202410071900,MTR,""
South Horizons,22.24297,114.1482,202410071901,202410072359,Home,"[{""Factor"":""Air Conditioner"",""Option"":""OFF""},{""Factor"":""Window"",""Option"":""OPEN""},{""Factor"":""Air Purifier"",""Option"":""OFF""}]"
South Horizons,22.24297,114.1482,202410080000,202410080800,Home,"[{""Factor"":""Air Conditioner"",""Option"":""OFF""},{""Factor"":""Window"",""Option"":""OPEN""},{""Factor"":""Air Purifier"",""Option"":""OFF""}]"
South Horizons Station,22.24317,114.14871,202410080801,202410080850,MTR,""
Kwun Tong Station,22.31265,114.22645,202410080851,202410080900,Outdoor,""
AIA Kowloon Tower,22.3125,114.2223,202410080901,202410081200,Office,"[{""Factor"":""Air Conditioner"",""Option"":""ON""},{""Factor"":""Window"",""Option"":""CLOSE""},{""Factor"":""Air Purifier"",""Option"":""ON""}]"
AIA Kowloon Tower,22.31274,114.22271,202410081201,202410081210,Outdoor,""
Camel Paint Building Block 3,22.3109,114.2253,202410081211,202410081300,Other Indoor,"[{""Factor"":""Air Conditioner"",""Option"":""OFF""},{""Factor"":""Window"",""Option"":""OPEN""},{""Factor"":""Air Purifier"",""Option"":""OFF""}]"
Camel Paint Building Block 3,22.3109,114.2253,202410081301,202410081310,Outdoor,""
AIA Kowloon Tower,22.3125,114.2223,202410081311,202410081800,Office,"[{""Factor"":""Air Conditioner"",""Option"":""ON""},{""Factor"":""Window"",""Option"":""CLOSE""},{""Factor"":""Air Purifier"",""Option"":""ON""}]"
AIA Kowloon Tower,22.3125,114.2223,202410081801,202410081810,Outdoor,""
Kwun Tong Station,22.31265,114.22645,202410081811,202410081900,MTR,""
South Horizons,22.24297,114.1482,202410081901,202410082359,Home,"[{""Factor"":""Air Conditioner"",""Option"":""OFF""},{""Factor"":""Window"",""Option"":""OPEN""},{""Factor"":""Air Purifier"",""Option"":""OFF""}]"
South Horizons,22.24297,114.1482,202410090000,202410090800,Home,"[{""Factor"":""Air Conditioner"",""Option"":""OFF""},{""Factor"":""Window"",""Option"":""OPEN""},{""Factor"":""Air Purifier"",""Option"":""OFF""}]"
South Horizons Station,22.24317,114.14871,202410090801,202410090850,MTR,""
Kwun Tong Station,22.31265,114.22645,202410090851,202410090900,Outdoor,""
AIA Kowloon Tower,22.3125,114.2223,202410090901,202410091200,Office,"[{""Factor"":""Air Conditioner"",""Option"":""ON""},{""Factor"":""Window"",""Option"":""CLOSE""},{""Factor"":""Air Purifier"",""Option"":""ON""}]"
AIA Kowloon Tower,22.31274,114.22271,202410091201,202410091210,Outdoor,""
Camel Paint Building Block 3,22.3109,114.2253,202410091211,202410091300,Other Indoor,"[{""Factor"":""Air Conditioner"",""Option"":""OFF""},{""Factor"":""Window"",""Option"":""OPEN""},{""Factor"":""Air Purifier"",""Option"":""OFF""}]"
Camel Paint Building Block 3,22.3109,114.2253,202410091301,202410091310,Outdoor,""
AIA Kowloon Tower,22.3125,114.2223,202410091311,202410091800,Office,"[{""Factor"":""Air Conditioner"",""Option"":""ON""},{""Factor"":""Window"",""Option"":""CLOSE""},{""Factor"":""Air Purifier"",""Option"":""ON""}]"
AIA Kowloon Tower,22.3125,114.2223,202410091801,202410091810,Outdoor,""
Kwun Tong Station,22.31265,114.22645,202410091811,202410091900,MTR,""
South Horizons,22.24297,114.1482,202410091901,202410092359,Home,"[{""Factor"":""Air Conditioner"",""Option"":""OFF""},{""Factor"":""Window"",""Option"":""OPEN""},{""Factor"":""Air Purifier"",""Option"":""OFF""}]"
South Horizons,22.24297,114.1482,202410100000,202410100800,Home,"[{""Factor"":""Air Conditioner"",""Option"":""OFF""},{""Factor"":""Window"",""Option"":""OPEN""},{""Factor"":""Air Purifier"",""Option"":""OFF""}]"
South Horizons Station,22.24317,114.14871,202410100801,202410100850,MTR,""
Kwun Tong Station,22.31265,114.22645,202410100851,202410100900,Outdoor,""
AIA Kowloon Tower,22.3125,114.2223,202410100901,202410101200,Office,"[{""Factor"":""Air Conditioner"",""Option"":""ON""},{""Factor"":""Window"",""Option"":""CLOSE""},{""Factor"":""Air Purifier"",""Option"":""ON""}]"
AIA Kowloon Tower,22.31274,114.22271,202410101201,202410101210,Outdoor,""
Camel Paint Building Block 3,22.3109,114.2253,202410101211,202410101300,Other Indoor,"[{""Factor"":""Air Conditioner"",""Option"":""OFF""},{""Factor"":""Window"",""Option"":""OPEN""},{""Factor"":""Air Purifier"",""Option"":""OFF""}]"
Camel Paint Building Block 3,22.3109,114.2253,202410101301,202410101310,Outdoor,""
AIA Kowloon Tower,22.3125,114.2223,202410101311,202410101800,Office,"[{""Factor"":""Air Conditioner"",""Option"":""ON""},{""Factor"":""Window"",""Option"":""CLOSE""},{""Factor"":""Air Purifier"",""Option"":""ON""}]"
AIA Kowloon Tower,22.3125,114.2223,202410101801,202410101810,Outdoor,""
Kwun Tong Station,22.31265,114.22645,202410101811,202410101900,MTR,""
South Horizons,22.24297,114.1482,202410101901,202410102359,Home,"[{""Factor"":""Air Conditioner"",""Option"":""OFF""},{""Factor"":""Window"",""Option"":""OPEN""},{""Factor"":""Air Purifier"",""Option"":""OFF""}]"
South Horizons,22.24297,114.1482,202410110000,202410110800,Home,"[{""Factor"":""Air Conditioner"",""Option"":""OFF""},{""Factor"":""Window"",""Option"":""OPEN""},{""Factor"":""Air Purifier"",""Option"":""OFF""}]"
South Horizons Station,22.24317,114.14871,202410110801,202410110850,MTR,""
Kwun Tong Station,22.31265,114.22645,202410110851,202410110900,Outdoor,""
AIA Kowloon Tower,22.3125,114.2223,202410110901,202410111200,Office,"[{""Factor"":""Air Conditioner"",""Option"":""ON""},{""Factor"":""Window"",""Option"":""CLOSE""},{""Factor"":""Air Purifier"",""Option"":""ON""}]"
AIA Kowloon Tower,22.31274,114.22271,202410111201,202410111210,Outdoor,""
Camel Paint Building Block 3,22.3109,114.2253,202410111211,202410111300,Other Indoor,"[{""Factor"":""Air Conditioner"",""Option"":""OFF""},{""Factor"":""Window"",""Option"":""OPEN""},{""Factor"":""Air Purifier"",""Option"":""OFF""}]"
Camel Paint Building Block 3,22.3109,114.2253,202410111301,202410111310,Outdoor,""
AIA Kowloon Tower,22.3125,114.2223,202410111311,202410111800,Office,"[{""Factor"":""Air Conditioner"",""Option"":""ON""},{""Factor"":""Window"",""Option"":""CLOSE""},{""Factor"":""Air Purifier"",""Option"":""ON""}]"
AIA Kowloon Tower,22.3125,114.2223,202410111801,202410111810,Outdoor,""
Kwun Tong Station,22.31265,114.22645,202410111811,202410111900,MTR,""
South Horizons,22.24297,114.1482,202410111901,202410112359,Home,"[{""Factor"":""Air Conditioner"",""Option"":""OFF""},{""Factor"":""Window"",""Option"":""OPEN""},{""Factor"":""Air Purifier"",""Option"":""OFF""}]"
South Horizons,22.24297,114.1482,202410120000,202410120800,Home,"[{""Factor"":""Air Conditioner"",""Option"":""OFF""},{""Factor"":""Window"",""Option"":""OPEN""},{""Factor"":""Air Purifier"",""Option"":""OFF""}]"
South Horizons Station,22.24317,114.14871,202410120801,202410120850,MTR,""
Kwun Tong Station,22.31265,114.22645,202410120851,202410120900,Outdoor,""
AIA Kowloon Tower,22.3125,114.2223,202410120901,202410121200,Office,"[{""Factor"":""Air Conditioner"",""Option"":""ON""},{""Factor"":""Window"",""Option"":""CLOSE""},{""Factor"":""Air Purifier"",""Option"":""ON""}]"
AIA Kowloon Tower,22.31274,114.22271,202410121201,202410121210,Outdoor,""
Camel Paint Building Block 3,22.3109,114.2253,202410121211,202410121300,Other Indoor,"[{""Factor"":""Air Conditioner"",""Option"":""OFF""},{""Factor"":""Window"",""Option"":""OPEN""},{""Factor"":""Air Purifier"",""Option"":""OFF""}]"
Camel Paint Building Block 3,22.3109,114.2253,202410121301,202410121310,Outdoor,""
AIA Kowloon Tower,22.3125,114.2223,202410121311,202410121800,Office,"[{""Factor"":""Air Conditioner"",""Option"":""ON""},{""Factor"":""Window"",""Option"":""CLOSE""},{""Factor"":""Air Purifier"",""Option"":""ON""}]"
AIA Kowloon Tower,22.3125,114.2223,202410121801,202410121810,Outdoor,""
Kwun Tong Station,22.31265,114.22645,202410121811,202410121900,MTR,""
South Horizons,22.24297,114.1482,202410121901,202410122359,Home,"[{""Factor"":""Air Conditioner"",""Option"":""OFF""},{""Factor"":""Window"",""Option"":""OPEN""},{""Factor"":""Air Purifier"",""Option"":""OFF""}]"
South Horizons,22.24297,114.1482,202410130000,202410130800,Home,"[{""Factor"":""Air Conditioner"",""Option"":""OFF""},{""Factor"":""Window"",""Option"":""OPEN""},{""Factor"":""Air Purifier"",""Option"":""OFF""}]"
South Horizons Station,22.24317,114.14871,202410130801,202410130850,MTR,""
Kwun Tong Station,22.31265,114.22645,202410130851,202410130900,Outdoor,""
AIA Kowloon Tower,22.3125,114.2223,202410130901,202410131200,Office,"[{""Factor"":""Air Conditioner"",""Option"":""ON""},{""Factor"":""Window"",""Option"":""CLOSE""},{""Factor"":""Air Purifier"",""Option"":""ON""}]"
AIA Kowloon Tower,22.31274,114.22271,202410131201,202410131210,Outdoor,""
Camel Paint Building Block 3,22.3109,114.2253,202410131211,202410131300,Other Indoor,"[{""Factor"":""Air Conditioner"",""Option"":""OFF""},{""Factor"":""Window"",""Option"":""OPEN""},{""Factor"":""Air Purifier"",""Option"":""OFF""}]"
Camel Paint Building Block 3,22.3109,114.2253,202410131301,202410131310,Outdoor,""
AIA Kowloon Tower,22.3125,114.2223,202410131311,202410131800,Office,"[{""Factor"":""Air Conditioner"",""Option"":""ON""},{""Factor"":""Window"",""Option"":""CLOSE""},{""Factor"":""Air Purifier"",""Option"":""ON""}]"
AIA Kowloon Tower,22.3125,114.2223,202410131801,202410131810,Outdoor,""
Kwun Tong Station,22.31265,114.22645,202410131811,202410131900,MTR,""
South Horizons,22.24297,114.1482,202410131901,202410132359,Home,"[{""Factor"":""Air Conditioner"",""Option"":""OFF""},{""Factor"":""Window"",""Option"":""OPEN""},{""Factor"":""Air Purifier"",""Option"":""OFF""}]"
South Horizons,22.24297,114.1482,202410140000,202410140800,Home,"[{""Factor"":""Air Conditioner"",""Option"":""OFF""},{""Factor"":""Window"",""Option"":""OPEN""},{""Factor"":""Air Purifier"",""Option"":""OFF""}]"
South Horizons Station,22.24317,114.14871,202410140801,202410140850,MTR,""
Kwun Tong Station,22.31265,114.22645,202410140851,202410140900,Outdoor,""
AIA Kowloon Tower,22.3125,114.2223,202410140901,202410141200,Office,"[{""Factor"":""Air Conditioner"",""Option"":""ON""},{""Factor"":""Window"",""Option"":""CLOSE""},{""Factor"":""Air Purifier"",""Option"":""ON""}]"
AIA Kowloon Tower,22.31274,114.22271,202410141201,202410141210,Outdoor,""
Camel Paint Building Block 3,22.3109,114.2253,202410141211,202410141300,Other Indoor,"[{""Factor"":""Air Conditioner"",""Option"":""OFF""},{""Factor"":""Window"",""Option"":""OPEN""},{""Factor"":""Air Purifier"",""Option"":""OFF""}]"
Camel Paint Building Block 3,22.3109,114.2253,202410141301,202410141310,Outdoor,""
AIA Kowloon Tower,22.3125,114.2223,202410141311,202410141800,Office,"[{""Factor"":""Air Conditioner"",""Option"":""ON""},{""Factor"":""Window"",""Option"":""CLOSE""},{""Factor"":""Air Purifier"",""Option"":""ON""}]"
AIA Kowloon Tower,22.3125,114.2223,202410141801,202410141810,Outdoor,""
Kwun Tong Station,22.31265,114.22645,202410141811,202410141900,MTR,""
South Horizons,22.24297,114.1482,202410141901,202410142359,Home,"[{""Factor"":""Air Conditioner"",""Option"":""OFF""},{""Factor"":""Window"",""Option"":""OPEN""},{""Factor"":""Air Purifier"",""Option"":""OFF""}]"
South Horizons,22.24297,114.1482,202410150000,202410150800,Home,"[{""Factor"":""Air Conditioner"",""Option"":""OFF""},{""Factor"":""Window"",""Option"":""OPEN""},{""Factor"":""Air Purifier"",""Option"":""OFF""}]"
South Horizons Station,22.24317,114.14871,202410150801,202410150850,MTR,""
Kwun Tong Station,22.31265,114.22645,202410150851,202410150900,Outdoor,""
AIA Kowloon Tower,22.3125,114.2223,202410150901,202410151200,Office,"[{""Factor"":""Air Conditioner"",""Option"":""ON""},{""Factor"":""Window"",""Option"":""CLOSE""},{""Factor"":""Air Purifier"",""Option"":""ON""}]"
AIA Kowloon Tower,22.31274,114.22271,202410151201,202410151210,Outdoor,""
Camel Paint Building Block 3,22.3109,114.2253,202410151211,202410151300,Other Indoor,"[{""Factor"":""Air Conditioner"",""Option"":""OFF""},{""Factor"":""Window"",""Option"":""OPEN""},{""Factor"":""Air Purifier"",""Option"":""OFF""}]"
Camel Paint Building Block 3,22.3109,114.2253,202410151301,202410151310,Outdoor,""
AIA Kowloon Tower,22.3125,114.2223,202410151311,202410151800,Office,"[{""Factor"":""Air Conditioner"",""Option"":""ON""},{""Factor"":""Window"",""Option"":""CLOSE""},{""Factor"":""Air Purifier"",""Option"":""ON""}]"
AIA Kowloon Tower,22.3125,114.2223,202410151801,202410151810,Outdoor,""
Kwun Tong Station,22.31265,114.22645,202410151811,202410151900,MTR,""
South Horizons,22.24297,114.1482,202410151901,202410152359,Home,"[{""Factor"":""Air Conditioner"",""Option"":""OFF""},{""Factor"":""Window"",""Option"":""OPEN""},{""Factor"":""Air Purifier"",""Option"":""OFF""}]"
South Horizons,22.24297,114.1482,202410160000,202410160800,Home,"[{""Factor"":""Air Conditioner"",""Option"":""OFF""},{""Factor"":""Window"",""Option"":""OPEN""},{""Factor"":""Air Purifier"",""Option"":""OFF""}]"
South Horizons Station,22.24317,114.14871,202410160801,202410160850,MTR,""
Kwun Tong Station,22.31265,114.22645,202410160851,202410160900,Outdoor,""
AIA Kowloon Tower,22.3125,114.2223,202410160901,202410161200,Office,"[{""Factor"":""Air Conditioner"",""Option"":""ON""},{""Factor"":""Window"",""Option"":""CLOSE""},{""Factor"":""Air Purifier"",""Option"":""ON""}]"
AIA Kowloon Tower,22.31274,114.22271,202410161201,202410161210,Outdoor,""
Camel Paint Building Block 3,22.3109,114.2253,202410161211,202410161300,Other Indoor,"[{""Factor"":""Air Conditioner"",""Option"":""OFF""},{""Factor"":""Window"",""Option"":""OPEN""},{""Factor"":""Air Purifier"",""Option"":""OFF""}]"
Camel Paint Building Block 3,22.3109,114.2253,202410161301,202410161310,Outdoor,""
AIA Kowloon Tower,22.3125,114.2223,202410161311,202410161800,Office,"[{""Factor"":""Air Conditioner"",""Option"":""ON""},{""Factor"":""Window"",""Option"":""CLOSE""},{""Factor"":""Air Purifier"",""Option"":""ON""}]"
AIA Kowloon Tower,22.3125,114.2223,202410161801,202410161810,Outdoor,""
Kwun Tong Station,22.31265,114.22645,202410161811,202410161900,MTR,""
South Horizons,22.24297,114.1482,202410161901,202410162359,Home,"[{""Factor"":""Air Conditioner"",""Option"":""OFF""},{""Factor"":""Window"",""Option"":""OPEN""},{""Factor"":""Air Purifier"",""Option"":""OFF""}]"
South Horizons,22.24297,114.1482,202410170000,202410170800,Home,"[{""Factor"":""Air Conditioner"",""Option"":""OFF""},{""Factor"":""Window"",""Option"":""OPEN""},{""Factor"":""Air Purifier"",""Option"":""OFF""}]"
South Horizons Station,22.24317,114.14871,202410170801,202410170850,MTR,""
Kwun Tong Station,22.31265,114.22645,202410170851,202410170900,Outdoor,""
AIA Kowloon Tower,22.3125,114.2223,202410170901,202410171200,Office,"[{""Factor"":""Air Conditioner"",""Option"":""ON""},{""Factor"":""Window"",""Option"":""CLOSE""},{""Factor"":""Air Purifier"",""Option"":""ON""}]"
AIA Kowloon Tower,22.31274,114.22271,202410171201,202410171210,Outdoor,""
Camel Paint Building Block 3,22.3109,114.2253,202410171211,202410171300,Other Indoor,"[{""Factor"":""Air Conditioner"",""Option"":""OFF""},{""Factor"":""Window"",""Option"":""OPEN""},{""Factor"":""Air Purifier"",""Option"":""OFF""}]"
Camel Paint Building Block 3,22.3109,114.2253,202410171301,202410171310,Outdoor,""
AIA Kowloon Tower,22.3125,114.2223,202410171311,202410171800,Office,"[{""Factor"":""Air Conditioner"",""Option"":""ON""},{""Factor"":""Window"",""Option"":""CLOSE""},{""Factor"":""Air Purifier"",""Option"":""ON""}]"
AIA Kowloon Tower,22.3125,114.2223,202410171801,202410171810,Outdoor,""
Kwun Tong Station,22.31265,114.22645,202410171811,202410171900,MTR,""
South Horizons,22.24297,114.1482,202410171901,202410172359,Home,"[{""Factor"":""Air Conditioner"",""Option"":""OFF""},{""Factor"":""Window"",""Option"":""OPEN""},{""Factor"":""Air Purifier"",""Option"":""OFF""}]"
South Horizons,22.24297,114.1482,202410180000,202410180800,Home,"[{""Factor"":""Air Conditioner"",""Option"":""OFF""},{""Factor"":""Window"",""Option"":""OPEN""},{""Factor"":""Air Purifier"",""Option"":""OFF""}]"
South Horizons Station,22.24317,114.14871,202410180801,202410180850,MTR,""
Kwun Tong Station,22.31265,114.22645,202410180851,202410180900,Outdoor,""
AIA Kowloon Tower,22.3125,114.2223,202410180901,202410181200,Office,"[{""Factor"":""Air Conditioner"",""Option"":""ON""},{""Factor"":""Window"",""Option"":""CLOSE""},{""Factor"":""Air Purifier"",""Option"":""ON""}]"
AIA Kowloon Tower,22.31274,114.22271,202410181201,202410181210,Outdoor,""
Camel Paint Building Block 3,22.3109,114.2253,202410181211,202410181300,Other Indoor,"[{""Factor"":""Air Conditioner"",""Option"":""OFF""},{""Factor"":""Window"",""Option"":""OPEN""},{""Factor"":""Air Purifier"",""Option"":""OFF""}]"
Camel Paint Building Block 3,22.3109,114.2253,202410181301,202410181310,Outdoor,""
AIA Kowloon Tower,22.3125,114.2223,202410181311,202410181800,Office,"[{""Factor"":""Air Conditioner"",""Option"":""ON""},{""Factor"":""Window"",""Option"":""CLOSE""},{""Factor"":""Air Purifier"",""Option"":""ON""}]"
AIA Kowloon Tower,22.3125,114.2223,202410181801,202410181810,Outdoor,""
Kwun Tong Station,22.31265,114.22645,202410181811,202410181900,MTR,""
South Horizons,22.24297,114.1482,202410181901,202410182359,Home,"[{""Factor"":""Air Conditioner"",""Option"":""OFF""},{""Factor"":""Window"",""Option"":""OPEN""},{""Factor"":""Air Purifier"",""Option"":""OFF""}]"
South Horizons,22.24297,114.1482,202410190000,202410190800,Home,"[{""Factor"":""Air Conditioner"",""Option"":""OFF""},{""Factor"":""Window"",""Option"":""OPEN""},{""Factor"":""Air Purifier"",""Option"":""OFF""}]"
South Horizons Station,22.24317,114.14871,202410190801,202410190850,MTR,""
Kwun Tong Station,22.31265,114.22645,202410190851,202410190900,Outdoor,""
AIA Kowloon Tower,22.3125,114.2223,202410190901,202410191200,Office,"[{""Factor"":""Air Conditioner"",""Option"":""ON""},{""Factor"":""Window"",""Option"":""CLOSE""},{""Factor"":""Air Purifier"",""Option"":""ON""}]"
AIA Kowloon Tower,22.31274,114.22271,202410191201,202410191210,Outdoor,""
Camel Paint Building Block 3,22.3109,114.2253,202410191211,202410191300,Other Indoor,"[{""Factor"":""Air Conditioner"",""Option"":""OFF""},{""Factor"":""Window"",""Option"":""OPEN""},{""Factor"":""Air Purifier"",""Option"":""OFF""}]"
Camel Paint Building Block 3,22.3109,114.2253,202410191301,202410191310,Outdoor,""
AIA Kowloon Tower,22.3125,114.2223,202410191311,202410191800,Office,"[{""Factor"":""Air Conditioner"",""Option"":""ON""},{""Factor"":""Window"",""Option"":""CLOSE""},{""Factor"":""Air Purifier"",""Option"":""ON""}]"
AIA Kowloon Tower,22.3125,114.2223,202410191801,202410191810,Outdoor,""
Kwun Tong Station,22.31265,114.22645,202410191811,202410191900,MTR,""
South Horizons,22.24297,114.1482,202410191901,202410192359,Home,"[{""Factor"":""Air Conditioner"",""Option"":""OFF""},{""Factor"":""Window"",""Option"":""OPEN""},{""Factor"":""Air Purifier"",""Option"":""OFF""}]"
South Horizons,22.24297,114.1482,202410200000,202410200800,Home,"[{""Factor"":""Air Conditioner"",""Option"":""OFF""},{""Factor"":""Window"",""Option"":""OPEN""},{""Factor"":""Air Purifier"",""Option"":""OFF""}]"
South Horizons Station,22.24317,114.14871,202410200801,202410200850,MTR,""
Kwun Tong Station,22.31265,114.22645,202410200851,202410200900,Outdoor,""
AIA Kowloon Tower,22.3125,114.2223,202410200901,202410201200,Office,"[{""Factor"":""Air Conditioner"",""Option"":""ON""},{""Factor"":""Window"",""Option"":""CLOSE""},{""Factor"":""Air Purifier"",""Option"":""ON""}]"
AIA Kowloon Tower,22.31274,114.22271,202410201201,202410201210,Outdoor,""
Camel Paint Building Block 3,22.3109,114.2253,202410201211,202410201300,Other Indoor,"[{""Factor"":""Air Conditioner"",""Option"":""OFF""},{""Factor"":""Window"",""Option"":""OPEN""},{""Factor"":""Air Purifier"",""Option"":""OFF""}]"
Camel Paint Building Block 3,22.3109,114.2253,202410201301,202410201310,Outdoor,""
AIA Kowloon Tower,22.3125,114.2223,202410201311,202410201800,Office,"[{""Factor"":""Air Conditioner"",""Option"":""ON""},{""Factor"":""Window"",""Option"":""CLOSE""},{""Factor"":""Air Purifier"",""Option"":""ON""}]"
AIA Kowloon Tower,22.3125,114.2223,202410201801,202410201810,Outdoor,""
Kwun Tong Station,22.31265,114.22645,202410201811,202410201900,MTR,""
South Horizons,22.24297,114.1482,202410201901,202410202359,Home,"[{""Factor"":""Air Conditioner"",""Option"":""OFF""},{""Factor"":""Window"",""Option"":""OPEN""},{""Factor"":""Air Purifier"",""Option"":""OFF""}]"
South Horizons,22.24297,114.1482,202410210000,202410210800,Home,"[{""Factor"":""Air Conditioner"",""Option"":""OFF""},{""Factor"":""Window"",""Option"":""OPEN""},{""Factor"":""Air Purifier"",""Option"":""OFF""}]"
South Horizons Station,22.24317,114.14871,202410210801,202410210850,MTR,""
Kwun Tong Station,22.31265,114.22645,202410210851,202410210900,Outdoor,""
AIA Kowloon Tower,22.3125,114.2223,202410210901,202410211200,Office,"[{""Factor"":""Air Conditioner"",""Option"":""ON""},{""Factor"":""Window"",""Option"":""CLOSE""},{""Factor"":""Air Purifier"",""Option"":""ON""}]"
AIA Kowloon Tower,22.31274,114.22271,202410211201,202410211210,Outdoor,""
Camel Paint Building Block 3,22.3109,114.2253,202410211211,202410211300,Other Indoor,"[{""Factor"":""Air Conditioner"",""Option"":""OFF""},{""Factor"":""Window"",""Option"":""OPEN""},{""Factor"":""Air Purifier"",""Option"":""OFF""}]"
Camel Paint Building Block 3,22.3109,114.2253,202410211301,202410211310,Outdoor,""
AIA Kowloon Tower,22.3125,114.2223,202410211311,202410211800,Office,"[{""Factor"":""Air Conditioner"",""Option"":""ON""},{""Factor"":""Window"",""Option"":""CLOSE""},{""Factor"":""Air Purifier"",""Option"":""ON""}]"
AIA Kowloon Tower,22.3125,114.2223,202410211801,202410211810,Outdoor,""
Kwun Tong Station,22.31265,114.22645,202410211811,202410211900,MTR,""
South Horizons,22.24297,114.1482,202410211901,202410212359,Home,"[{""Factor"":""Air Conditioner"",""Option"":""OFF""},{""Factor"":""Window"",""Option"":""OPEN""},{""Factor"":""Air Purifier"",""Option"":""OFF""}]"
South Horizons,22.24297,114.1482,202410220000,202410220800,Home,"[{""Factor"":""Air Conditioner"",""Option"":""OFF""},{""Factor"":""Window"",""Option"":""OPEN""},{""Factor"":""Air Purifier"",""Option"":""OFF""}]"
South Horizons Station,22.24317,114.14871,202410220801,202410220850,MTR,""
Kwun Tong Station,22.31265,114.22645,202410220851,202410220900,Outdoor,""
AIA Kowloon Tower,22.3125,114.2223,202410220901,202410221200,Office,"[{""Factor"":""Air Conditioner"",""Option"":""ON""},{""Factor"":""Window"",""Option"":""CLOSE""},{""Factor"":""Air Purifier"",""Option"":""ON""}]"
AIA Kowloon Tower,22.31274,114.22271,202410221201,202410221210,Outdoor,""
Camel Paint Building Block 3,22.3109,114.2253,202410221211,202410221300,Other Indoor,"[{""Factor"":""Air Conditioner"",""Option"":""OFF""},{""Factor"":""Window"",""Option"":""OPEN""},{""Factor"":""Air Purifier"",""Option"":""OFF""}]"
Camel Paint Building Block 3,22.3109,114.2253,202410221301,202410221310,Outdoor,""
AIA Kowloon Tower,22.3125,114.2223,202410221311,202410221800,Office,"[{""Factor"":""Air Conditioner"",""Option"":""ON""},{""Factor"":""Window"",""Option"":""CLOSE""},{""Factor"":""Air Purifier"",""Option"":""ON""}]"
AIA Kowloon Tower,22.3125,114.2223,202410221801,202410221810,Outdoor,""
Kwun Tong Station,22.31265,114.22645,202410221811,202410221900,MTR,""
South Horizons,22.24297,114.1482,202410221901,202410222359,Home,"[{""Factor"":""Air Conditioner"",""Option"":""OFF""},{""Factor"":""Window"",""Option"":""OPEN""},{""Factor"":""Air Purifier"",""Option"":""OFF""}]"
South Horizons,22.24297,114.1482,202410230000,202410230800,Home,"[{""Factor"":""Air Conditioner"",""Option"":""OFF""},{""Factor"":""Window"",""Option"":""OPEN""},{""Factor"":""Air Purifier"",""Option"":""OFF""}]"
South Horizons Station,22.24317,114.14871,202410230801,202410230850,MTR,""
Kwun Tong Station,22.31265,114.22645,202410230851,202410230900,Outdoor,""
AIA Kowloon Tower,22.3125,114.2223,202410230901,202410231200,Office,"[{""Factor"":""Air Conditioner"",""Option"":""ON""},{""Factor"":""Window"",""Option"":""CLOSE""},{""Factor"":""Air Purifier"",""Option"":""ON""}]"
AIA Kowloon Tower,22.31274,114.22271,202410231201,202410231210,Outdoor,""
Camel Paint Building Block 3,22.3109,114.2253,202410231211,202410231300,Other Indoor,"[{""Factor"":""Air Conditioner"",""Option"":""OFF""},{""Factor"":""Window"",""Option"":""OPEN""},{""Factor"":""Air Purifier"",""Option"":""OFF""}]"
Camel Paint Building Block 3,22.3109,114.2253,202410231301,202410231310,Outdoor,""
AIA Kowloon Tower,22.3125,114.2223,202410231311,202410231800,Office,"[{""Factor"":""Air Conditioner"",""Option"":""ON""},{""Factor"":""Window"",""Option"":""CLOSE""},{""Factor"":""Air Purifier"",""Option"":""ON""}]"
AIA Kowloon Tower,22.3125,114.2223,202410231801,202410231810,Outdoor,""
Kwun Tong Station,22.31265,114.22645,202410231811,202410231900,MTR,""
South Horizons,22.24297,114.1482,202410231901,202410232359,Home,"[{""Factor"":""Air Conditioner"",""Option"":""OFF""},{""Factor"":""Window"",""Option"":""OPEN""},{""Factor"":""Air Purifier"",""Option"":""OFF""}]"
South Horizons,22.24297,114.1482,202410240000,202410240800,Home,"[{""Factor"":""Air Conditioner"",""Option"":""OFF""},{""Factor"":""Window"",""Option"":""OPEN""},{""Factor"":""Air Purifier"",""Option"":""OFF""}]"
South Horizons Station,22.24317,114.14871,202410240801,202410240850,MTR,""
Kwun Tong Station,22.31265,114.22645,202410240851,202410240900,Outdoor,""
AIA Kowloon Tower,22.3125,114.2223,202410240901,202410241200,Office,"[{""Factor"":""Air Conditioner"",""Option"":""ON""},{""Factor"":""Window"",""Option"":""CLOSE""},{""Factor"":""Air Purifier"",""Option"":""ON""}]"
AIA Kowloon Tower,22.31274,114.22271,202410241201,202410241210,Outdoor,""
Camel Paint Building Block 3,22.3109,114.2253,202410241211,202410241300,Other Indoor,"[{""Factor"":""Air Conditioner"",""Option"":""OFF""},{""Factor"":""Window"",""Option"":""OPEN""},{""Factor"":""Air Purifier"",""Option"":""OFF""}]"
Camel Paint Building Block 3,22.3109,114.2253,202410241301,202410241310,Outdoor,""
AIA Kowloon Tower,22.3125,114.2223,202410241311,202410241800,Office,"[{""Factor"":""Air Conditioner"",""Option"":""ON""},{""Factor"":""Window"",""Option"":""CLOSE""},{""Factor"":""Air Purifier"",""Option"":""ON""}]"
AIA Kowloon Tower,22.3125,114.2223,202410241801,202410241810,Outdoor,""
Kwun Tong Station,22.31265,114.22645,202410241811,202410241900,MTR,""
South Horizons,22.24297,114.1482,202410241901,202410242359,Home,"[{""Factor"":""Air Conditioner"",""Option"":""OFF""},{""Factor"":""Window"",""Option"":""OPEN""},{""Factor"":""Air Purifier"",""Option"":""OFF""}]"
South Horizons,22.24297,114.1482,202410250000,202410250800,Home,"[{""Factor"":""Air Conditioner"",""Option"":""OFF""},{""Factor"":""Window"",""Option"":""OPEN""},{""Factor"":""Air Purifier"",""Option"":""OFF""}]"
South Horizons Station,22.24317,114.14871,202410250801,202410250850,MTR,""
Kwun Tong Station,22.31265,114.22645,202410250851,202410250900,Outdoor,""
AIA Kowloon Tower,22.3125,114.2223,202410250901,202410251200,Office,"[{""Factor"":""Air Conditioner"",""Option"":""ON""},{""Factor"":""Window"",""Option"":""CLOSE""},{""Factor"":""Air Purifier"",""Option"":""ON""}]"
AIA Kowloon Tower,22.31274,114.22271,202410251201,202410251210,Outdoor,""
Camel Paint Building Block 3,22.3109,114.2253,202410251211,202410251300,Other Indoor,"[{""Factor"":""Air Conditioner"",""Option"":""OFF""},{""Factor"":""Window"",""Option"":""OPEN""},{""Factor"":""Air Purifier"",""Option"":""OFF""}]"
Camel Paint Building Block 3,22.3109,114.2253,202410251301,202410251310,Outdoor,""
AIA Kowloon Tower,22.3125,114.2223,202410251311,202410251800,Office,"[{""Factor"":""Air Conditioner"",""Option"":""ON""},{""Factor"":""Window"",""Option"":""CLOSE""},{""Factor"":""Air Purifier"",""Option"":""ON""}]"
AIA Kowloon Tower,22.3125,114.2223,202410251801,202410251810,Outdoor,""
Kwun Tong Station,22.31265,114.22645,202410251811,202410251900,MTR,""
South Horizons,22.24297,114.1482,202410251901,202410252359,Home,"[{""Factor"":""Air Conditioner"",""Option"":""OFF""},{""Factor"":""Window"",""Option"":""OPEN""},{""Factor"":""Air Purifier"",""Option"":""OFF""}]"
South Horizons,22.24297,114.1482,202410260000,202410260800,Home,"[{""Factor"":""Air Conditioner"",""Option"":""OFF""},{""Factor"":""Window"",""Option"":""OPEN""},{""Factor"":""Air Purifier"",""Option"":""OFF""}]"
South Horizons Station,22.24317,114.14871,202410260801,202410260850,MTR,""
Kwun Tong Station,22.31265,114.22645,202410260851,202410260900,Outdoor,""
AIA Kowloon Tower,22.3125,114.2223,202410260901,202410261200,Office,"[{""Factor"":""Air Conditioner"",""Option"":""ON""},{""Factor"":""Window"",""Option"":""CLOSE""},{""Factor"":""Air Purifier"",""Option"":""ON""}]"
AIA Kowloon Tower,22.31274,114.22271,202410261201,202410261210,Outdoor,""
Camel Paint Building Block 3,22.3109,114.2253,202410261211,202410261300,Other Indoor,"[{""Factor"":""Air Conditioner"",""Option"":""OFF""},{""Factor"":""Window"",""Option"":""OPEN""},{""Factor"":""Air Purifier"",""Option"":""OFF""}]"
Camel Paint Building Block 3,22.3109,114.2253,202410261301,202410261310,Outdoor,""
AIA Kowloon Tower,22.3125,114.2223,202410261311,202410261800,Office,"[{""Factor"":""Air Conditioner"",""Option"":""ON""},{""Factor"":""Window"",""Option"":""CLOSE""},{""Factor"":""Air Purifier"",""Option"":""ON""}]"
AIA Kowloon Tower,22.3125,114.2223,202410261801,202410261810,Outdoor,""
Kwun Tong Station,22.31265,114.22645,202410261811,202410261900,MTR,""
South Horizons,22.24297,114.1482,202410261901,202410262359,Home,"[{""Factor"":""Air Conditioner"",""Option"":""OFF""},{""Factor"":""Window"",""Option"":""OPEN""},{""Factor"":""Air Purifier"",""Option"":""OFF""}]"
South Horizons,22.24297,114.1482,202410270000,202410270800,Home,"[{""Factor"":""Air Conditioner"",""Option"":""OFF""},{""Factor"":""Window"",""Option"":""OPEN""},{""Factor"":""Air Purifier"",""Option"":""OFF""}]"
South Horizons Station,22.24317,114.14871,202410270801,202410270850,MTR,""
Kwun Tong Station,22.31265,114.22645,202410270851,202410270900,Outdoor,""
AIA Kowloon Tower,22.3125,114.2223,202410270901,202410271200,Office,"[{""Factor"":""Air Conditioner"",""Option"":""ON""},{""Factor"":""Window"",""Option"":""CLOSE""},{""Factor"":""Air Purifier"",""Option"":""ON""}]"
AIA Kowloon Tower,22.31274,114.22271,202410271201,202410271210,Outdoor,""
Camel Paint Building Block 3,22.3109,114.2253,202410271211,202410271300,Other Indoor,"[{""Factor"":""Air Conditioner"",""Option"":""OFF""},{""Factor"":""Window"",""Option"":""OPEN""},{""Factor"":""Air Purifier"",""Option"":""OFF""}]"
Camel Paint Building Block 3,22.3109,114.2253,202410271301,202410271310,Outdoor,""
AIA Kowloon Tower,22.3125,114.2223,202410271311,202410271800,Office,"[{""Factor"":""Air Conditioner"",""Option"":""ON""},{""Factor"":""Window"",""Option"":""CLOSE""},{""Factor"":""Air Purifier"",""Option"":""ON""}]"
AIA Kowloon Tower,22.3125,114.2223,202410271801,202410271810,Outdoor,""
Kwun Tong Station,22.31265,114.22645,202410271811,202410271900,MTR,""
South Horizons,22.24297,114.1482,202410271901,202410272359,Home,"[{""Factor"":""Air Conditioner"",""Option"":""OFF""},{""Factor"":""Window"",""Option"":""OPEN""},{""Factor"":""Air Purifier"",""Option"":""OFF""}]"
South Horizons,22.24297,114.1482,202410280000,202410280800,Home,"[{""Factor"":""Air Conditioner"",""Option"":""OFF""},{""Factor"":""Window"",""Option"":""OPEN""},{""Factor"":""Air Purifier"",""Option"":""OFF""}]"
South Horizons Station,22.24317,114.14871,202410280801,202410280850,MTR,""
Kwun Tong Station,22.31265,114.22645,202410280851,202410280900,Outdoor,""
AIA Kowloon Tower,22.3125,114.2223,202410280901,202410281200,Office,"[{""Factor"":""Air Conditioner"",""Option"":""ON""},{""Factor"":""Window"",""Option"":""CLOSE""},{""Factor"":""Air Purifier"",""Option"":""ON""}]"
AIA Kowloon Tower,22.31274,114.22271,202410281201,202410281210,Outdoor,""
Camel Paint Building Block 3,22.3109,114.2253,202410281211,202410281300,Other Indoor,"[{""Factor"":""Air Conditioner"",""Option"":""OFF""},{""Factor"":""Window"",""Option"":""OPEN""},{""Factor"":""Air Purifier"",""Option"":""OFF""}]"
Camel Paint Building Block 3,22.3109,114.2253,202410281301,202410281310,Outdoor,""
AIA Kowloon Tower,22.3125,114.2223,202410281311,202410281800,Office,"[{""Factor"":""Air Conditioner"",""Option"":""ON""},{""Factor"":""Window"",""Option"":""CLOSE""},{""Factor"":""Air Purifier"",""Option"":""ON""}]"
AIA Kowloon Tower,22.3125,114.2223,202410281801,202410281810,Outdoor,""
Kwun Tong Station,22.31265,114.22645,202410281811,202410281900,MTR,""
South Horizons,22.24297,114.1482,202410281901,202410282359,Home,"[{""Factor"":""Air Conditioner"",""Option"":""OFF""},{""Factor"":""Window"",""Option"":""OPEN""},{""Factor"":""Air Purifier"",""Option"":""OFF""}]"
South Horizons,22.24297,114.1482,202410290000,202410290800,Home,"[{""Factor"":""Air Conditioner"",""Option"":""OFF""},{""Factor"":""Window"",""Option"":""OPEN""},{""Factor"":""Air Purifier"",""Option"":""OFF""}]"
South Horizons Station,22.24317,114.14871,202410290801,202410290850,MTR,""
Kwun Tong Station,22.31265,114.22645,202410290851,202410290900,Outdoor,""
AIA Kowloon Tower,22.3125,114.2223,202410290901,202410291200,Office,"[{""Factor"":""Air Conditioner"",""Option"":""ON""},{""Factor"":""Window"",""Option"":""CLOSE""},{""Factor"":""Air Purifier"",""Option"":""ON""}]"
AIA Kowloon Tower,22.31274,114.22271,202410291201,202410291210,Outdoor,""
Camel Paint Building Block 3,22.3109,114.2253,202410291211,202410291300,Other Indoor,"[{""Factor"":""Air Conditioner"",""Option"":""OFF""},{""Factor"":""Window"",""Option"":""OPEN""},{""Factor"":""Air Purifier"",""Option"":""OFF""}]"
Camel Paint Building Block 3,22.3109,114.2253,202410291301,202410291310,Outdoor,""
AIA Kowloon Tower,22.3125,114.2223,202410291311,202410291800,Office,"[{""Factor"":""Air Conditioner"",""Option"":""ON""},{""Factor"":""Window"",""Option"":""CLOSE""},{""Factor"":""Air Purifier"",""Option"":""ON""}]"
AIA Kowloon Tower,22.3125,114.2223,202410291801,202410291810,Outdoor,""
Kwun Tong Station,22.31265,114.22645,202410291811,202410291900,MTR,""
South Horizons,22.24297,114.1482,202410291901,202410292359,Home,"[{""Factor"":""Air Conditioner"",""Option"":""OFF""},{""Factor"":""Window"",""Option"":""OPEN""},{""Factor"":""Air Purifier"",""Option"":""OFF""}]"
South Horizons,22.24297,114.1482,202410300000,202410300800,Home,"[{""Factor"":""Air Conditioner"",""Option"":""OFF""},{""Factor"":""Window"",""Option"":""OPEN""},{""Factor"":""Air Purifier"",""Option"":""OFF""}]"
South Horizons Station,22.24317,114.14871,202410300801,202410300850,MTR,""
Kwun Tong Station,22.31265,114.22645,202410300851,202410300900,Outdoor,""
AIA Kowloon Tower,22.3125,114.2223,202410300901,202410301200,Office,"[{""Factor"":""Air Conditioner"",""Option"":""ON""},{""Factor"":""Window"",""Option"":""CLOSE""},{""Factor"":""Air Purifier"",""Option"":""ON""}]"
AIA Kowloon Tower,22.31274,114.22271,202410301201,202410301210,Outdoor,""
Camel Paint Building Block 3,22.3109,114.2253,202410301211,202410301300,Other Indoor,"[{""Factor"":""Air Conditioner"",""Option"":""OFF""},{""Factor"":""Window"",""Option"":""OPEN""},{""Factor"":""Air Purifier"",""Option"":""OFF""}]"
Camel Paint Building Block 3,22.3109,114.2253,202410301301,202410301310,Outdoor,""
AIA Kowloon Tower,22.3125,114.2223,202410301311,202410301800,Office,"[{""Factor"":""Air Conditioner"",""Option"":""ON""},{""Factor"":""Window"",""Option"":""CLOSE""},{""Factor"":""Air Purifier"",""Option"":""ON""}]"
AIA Kowloon Tower,22.3125,114.2223,202410301801,202410301810,Outdoor,""
Kwun Tong Station,22.31265,114.22645,202410301811,202410301900,MTR,""
South Horizons,22.24297,114.1482,202410301901,202410302359,Home,"[{""Factor"":""Air Conditioner"",""Option"":""OFF""},{""Factor"":""Window"",""Option"":""OPEN""},{""Factor"":""Air Purifier"",""Option"":""OFF""}]"
South Horizons,22.24297,114.1482,202410310000,202410310800,Home,"[{""Factor"":""Air Conditioner"",""Option"":""OFF""},{""Factor"":""Window"",""Option"":""OPEN""},{""Factor"":""Air Purifier"",""Option"":""OFF""}]"
South Horizons Station,22.24317,114.14871,202410310801,202410310850,MTR,""
Kwun Tong Station,22.31265,114.22645,202410310851,202410310900,Outdoor,""
AIA Kowloon Tower,22.3125,114.2223,202410310901,202410311200,Office,"[{""Factor"":""Air Conditioner"",""Option"":""ON""},{""Factor"":""Window"",""Option"":""CLOSE""},{""Factor"":""Air Purifier"",""Option"":""ON""}]"
AIA Kowloon Tower,22.31274,114.22271,202410311201,202410311210,Outdoor,""
Camel Paint Building Block 3,22.3109,114.2253,202410311211,202410311300,Other Indoor,"[{""Factor"":""Air Conditioner"",""Option"":""OFF""},{""Factor"":""Window"",""Option"":""OPEN""},{""Factor"":""Air Purifier"",""Option"":""OFF""}]"
Camel Paint Building Block 3,22.3109,114.2253,202410311301,202410311310,Outdoor,""
AIA Kowloon Tower,22.3125,114.2223,202410311311,202410311800,Office,"[{""Factor"":""Air Conditioner"",""Option"":""ON""},{""Factor"":""Window"",""Option"":""CLOSE""},{""Factor"":""Air Purifier"",""Option"":""ON""}]"
AIA Kowloon Tower,22.3125,114.2223,202410311801,202410311810,Outdoor,""
Kwun Tong Station,22.31265,114.22645,202410311811,202410311900,MTR,""
South Horizons,22.24297,114.1482,202410311901,202410312359,Home,"[{""Factor"":""Air Conditioner"",""Option"":""OFF""},{""Factor"":""Window"",""Option"":""OPEN""},{""Factor"":""Air Purifier"",""Option"":""OFF""}]"
