Location Name,latitude,longitude,startTime,endTime,exposure_parameter,micro_environment
South Horizons,22.24297,114.1482,202409020000,202409020800,Home,"[{""Factor"":""Air Conditioner"",""Option"":""OFF""},{""Factor"":""Window"",""Option"":""OPEN""},{""Factor"":""Air Purifier"",""Option"":""OFF""}]"
South Horizons Station ,22.24317,114.14871,202409020801,202409020835,Outdoor,""
Kwun Tong Station,22.31265,114.22645,202409020836,202409021000,Home,""
AIA Kowloon Tower,22.3125,114.2223,202409021001,202409021010,Bus and Minibus,"[{""Factor"":""Air Conditioner"",""Option"":""ON""},{""Factor"":""Window"",""Option"":""CLOSE""},{""Factor"":""Air Circulation"",""Option"":""ON""}]"
AIA Kowloon Tower,22.31274,114.22271,202409021201,202409021210,Outdoor,""
Camel Paint Building Block 3,22.3109,114.2253,202409021211,202409021300,Other Indoor,"[{""Factor"":""Air Conditioner"",""Option"":""OFF""},{""Factor"":""Window"",""Option"":""OPEN""},{""Factor"":""Air Purifier"",""Option"":""OFF""}]"
Camel Paint Building Block 3,22.3109,114.2253,202409021301,202409021310,Outdoor,""
AIA Kowloon Tower,22.3125,114.2223,202409021311,202409021800,Office,"[{""Factor"":""Air Conditioner"",""Option"":""ON""},{""Factor"":""Window"",""Option"":""CLOSE""},{""Factor"":""Air Purifier"",""Option"":""ON""}]"
AIA Kowloon Tower,22.3125,114.2223,202409021801,202409021810,Outdoor,""
Kwun Tong Station,22.31265,114.22645,202409021811,202409021900,MTR,""
South Horizons,22.24297,114.1482,202409021901,202409022359,Home,"[{""Factor"":""Air Conditioner"",""Option"":""OFF""},{""Factor"":""Window"",""Option"":""OPEN""},{""Factor"":""Air Purifier"",""Option"":""OFF""}]"